"serial_number"	"User.Name"	"combined_text"	"attack"	"target"	"important_sentences"
1140	"chingte"	"選對的人，走對的路，無論對手是誰、有幾個，我都有信心贏得最終的勝利。 ​ 距離明年大選日程，剩下不到兩個月，相信大家都能感受到這段期間的一些政治議題，開始讓選舉的節奏加快。這段期間，我時常被媒體朋友問及，怎麼看待藍白合的議題？加上近期國內外媒體，皆大幅報導中國介入台灣選舉，甚至企圖扶植親中政權。昨天，我們就看到藍白硬是湊在一起、公然分贓權力，這不僅沒有民主精神，更沒有把人民看在眼裡。 ​ 不論藍或白，都不是台灣的民意主流，非但不能守護國家安全，更無法提出完整國政藍圖。這樣兩個不對的人，無論誰正誰副，都不會成為對的一組。在政治上，沒有「負負得正」這種事情。 ​ 過去以來，我們始終設定這場選戰，將是一對一的對戰模式。不管我的對手是誰、有幾個，我都有信心贏得這場選舉，也一定會贏得這場選舉，我會結合所有挺台灣的力量，帶領台灣在民主的道路上，持續穩健前進。 ​ 近期我們看到許多國際好朋友，明確表態希望中國不要干預台灣選舉，更強調台灣對於印太和平的穩定與重要性。這是台灣幾十年來全國人民的共同努力，讓國際社會看到台灣的重要性，不只肯定台灣，更要上架台灣。 ​ 這場選舉，關乎台灣的前途、民主憲政體制的延續，更影響了印太的和平穩定。除了總統選舉，立委同樣關鍵，因此我們同樣秉持著民主大聯盟「跨黨派、跨世代、跨領域」的原則，在昨日提出不分區立委名單，我們只問人才，不論黨派、派系，這樣優秀的名單，也在昨天贏得社會肯定。 ​ 選對的人，走對的路，我們用神聖的選票、民主的力量，一起守護台灣，讓台灣在民主的道路上持續壯大，自信前行。"	"yes"	"藍白"	"這段期間，我時常被媒體朋友問及，怎麼看待藍白合的議題"
1140	"chingte"	"選對的人，走對的路，無論對手是誰、有幾個，我都有信心贏得最終的勝利。 ​ 距離明年大選日程，剩下不到兩個月，相信大家都能感受到這段期間的一些政治議題，開始讓選舉的節奏加快。這段期間，我時常被媒體朋友問及，怎麼看待藍白合的議題？加上近期國內外媒體，皆大幅報導中國介入台灣選舉，甚至企圖扶植親中政權。昨天，我們就看到藍白硬是湊在一起、公然分贓權力，這不僅沒有民主精神，更沒有把人民看在眼裡。 ​ 不論藍或白，都不是台灣的民意主流，非但不能守護國家安全，更無法提出完整國政藍圖。這樣兩個不對的人，無論誰正誰副，都不會成為對的一組。在政治上，沒有「負負得正」這種事情。 ​ 過去以來，我們始終設定這場選戰，將是一對一的對戰模式。不管我的對手是誰、有幾個，我都有信心贏得這場選舉，也一定會贏得這場選舉，我會結合所有挺台灣的力量，帶領台灣在民主的道路上，持續穩健前進。 ​ 近期我們看到許多國際好朋友，明確表態希望中國不要干預台灣選舉，更強調台灣對於印太和平的穩定與重要性。這是台灣幾十年來全國人民的共同努力，讓國際社會看到台灣的重要性，不只肯定台灣，更要上架台灣。 ​ 這場選舉，關乎台灣的前途、民主憲政體制的延續，更影響了印太的和平穩定。除了總統選舉，立委同樣關鍵，因此我們同樣秉持著民主大聯盟「跨黨派、跨世代、跨領域」的原則，在昨日提出不分區立委名單，我們只問人才，不論黨派、派系，這樣優秀的名單，也在昨天贏得社會肯定。 ​ 選對的人，走對的路，我們用神聖的選票、民主的力量，一起守護台灣，讓台灣在民主的道路上持續壯大，自信前行。"	"yes"	"藍白"	"昨天，我們就看到藍白硬是湊在一起、公然分贓權力，這不僅沒有民主精神，更沒有把人民看在眼裡"
1160	"chingte"	"今天上午，藍白合的結果公布了。然而，有公布卻沒有結果。 ​ 我始終相信，唯有堅定的理念，才能提出完整的國家藍圖。有能力團結國民的人，才是國家最需要的領導人。 ​ 過去有人說，他要把國家還給你，現在，卻是企圖要「把國家還給國民黨」。 ​ 過去有人說，他要超越藍綠，現在，卻是先背叛了自己。 ​ 民主自由是台灣最珍貴的資產，但看到藍白硬是湊合在一起，還公然分贓權力，不僅沒有民主精神，更沒有把人民看在眼裡。 ​ 我要再一次告訴大家，不管藍或白，都不是台灣的主流民意，非但不能守護國家安全，也無法提出完整國政藍圖，更不適合擔任國家領導人。 ​ 兩個不對的人，不論誰正、誰副，勉強湊合一組，都不可能成為對的一組，在政治上沒有負負得正這種事情。 ​ #選對的人，#走對的路，與其相信藍白合，不如堅定支持賴清德！"	"yes"	"藍白, 侯, 柯"	"今天上午，藍白合的結果公布了"
1160	"chingte"	"今天上午，藍白合的結果公布了。然而，有公布卻沒有結果。 ​ 我始終相信，唯有堅定的理念，才能提出完整的國家藍圖。有能力團結國民的人，才是國家最需要的領導人。 ​ 過去有人說，他要把國家還給你，現在，卻是企圖要「把國家還給國民黨」。 ​ 過去有人說，他要超越藍綠，現在，卻是先背叛了自己。 ​ 民主自由是台灣最珍貴的資產，但看到藍白硬是湊合在一起，還公然分贓權力，不僅沒有民主精神，更沒有把人民看在眼裡。 ​ 我要再一次告訴大家，不管藍或白，都不是台灣的主流民意，非但不能守護國家安全，也無法提出完整國政藍圖，更不適合擔任國家領導人。 ​ 兩個不對的人，不論誰正、誰副，勉強湊合一組，都不可能成為對的一組，在政治上沒有負負得正這種事情。 ​ #選對的人，#走對的路，與其相信藍白合，不如堅定支持賴清德！"	"yes"	"藍白, 侯, 柯"	" ​ 民主自由是台灣最珍貴的資產，但看到藍白硬是湊合在一起，還公然分贓權力，不僅沒有民主精神，更沒有把人民看在眼裡"
1160	"chingte"	"今天上午，藍白合的結果公布了。然而，有公布卻沒有結果。 ​ 我始終相信，唯有堅定的理念，才能提出完整的國家藍圖。有能力團結國民的人，才是國家最需要的領導人。 ​ 過去有人說，他要把國家還給你，現在，卻是企圖要「把國家還給國民黨」。 ​ 過去有人說，他要超越藍綠，現在，卻是先背叛了自己。 ​ 民主自由是台灣最珍貴的資產，但看到藍白硬是湊合在一起，還公然分贓權力，不僅沒有民主精神，更沒有把人民看在眼裡。 ​ 我要再一次告訴大家，不管藍或白，都不是台灣的主流民意，非但不能守護國家安全，也無法提出完整國政藍圖，更不適合擔任國家領導人。 ​ 兩個不對的人，不論誰正、誰副，勉強湊合一組，都不可能成為對的一組，在政治上沒有負負得正這種事情。 ​ #選對的人，#走對的路，與其相信藍白合，不如堅定支持賴清德！"	"yes"	"藍白, 侯, 柯"	" ​ #選對的人，#走對的路，與其相信藍白合，不如堅定支持賴清德"
1162	"chingte"	"雲林、嘉義攜手並進，一起打造均衡發展的台灣！ ​ 昨日我分別到嘉義、雲林的山線、海線，舉辦競選總部的成立大會。不論是嘉義縣的蔡易餘 家己人、陳冠廷 Kuan-Ting Chen，或是雲林縣的劉建國、蘇治芬 ，都是民進黨推薦，最優質、最愛台灣的立委候選人。 ​ 我也要特別感謝蔡英文 Tsai Ing-wen總統、陳建仁 Chen Chien-Jen院長、游錫堃院長、鄭文燦副院長、翁章梁 Weng Chang-Liang縣長和所有 TEAM TAIWAN 隊友的努力。我們團結一致、努力打拚，一定要讓民進黨國會過半，守護台灣！ ​ 過去 7 年多，嘉義縣在翁章梁縣長團隊的努力下，逐漸成為台灣的農工大縣，未來六大產業園區全部完工後，預計能夠創造超過 6 萬個工作機會，總產值將近 3 千億元。未來，我更有決心與蔡易餘、陳冠廷攜手，將嘉義縣打造成台灣高科技的發展基地。 ​ 除此之外，台灣的無人機國家隊也在嘉義！去年 8 月亞洲無人機 AI 創新應用研發中心在嘉義開幕，僅經過短短一年，已有超過 40 多間廠商進駐嘉義。今年還有 7 間學校與政府合作，致力培育無人機的專業人才。未來，嘉義將建置無人機基地，預計能夠推動相關產業的發展，為嘉義縣的進步創造更好的生活。 ​ 雲林是台灣的農漁大縣，農民佔人口三分之一，農業的產值超過 8 百億新台幣，雲林的海鮮養殖規模更是全台最大。這裡擁有豐富的農產品，不僅是本地的驕傲，更是台灣的驕傲。在蘇治芬兩任縣長的治理下，雲林不僅靠著自身實力，成功舉辦台灣第一屆農業博覽會，更積極推動各項農業政策，使雲林朝向「農業首都」的目標邁進。 ​ 此外，雲林也是台灣養豬規模最大的縣市，在我們的努力下，台灣有望在 2025 年成為亞洲唯一沒有非洲豬瘟、口蹄疫和傳統豬瘟的國家。我在行政院院長期間，也聆聽蘇治芬委員、劉建國委員的建議，改善農民健康保險、職業災害保險、農業保險、以及農民退休金制度，透過制度性的改革提升對農民生活的保障。我認為，農民的心血結晶照顧了全台灣 2350 萬人，政府更有責任要照顧全體農民。 ​ 民進黨對於嘉義、雲林的發展格外重視，我一直相信，一個縣市單打獨鬥地前進，不如 22 個縣市攜手並進，一起邁出重要的一步。 ​ 未來，我會創立一個由行政院與地方政府攜手合作的平台，讓各個縣市有任何需求都可以提出討論。我們一步一步透過推動地方產業、實現地方振興，讓更多年輕人回到故鄉，實現他們的夢想。 ​ 民進黨有完整的國家發展藍圖，也有守護台灣自由民主的信念。與其相信藍白合，不如堅定支持賴清德。 ​ 明年 1 月 13 日，請大家總統賴清德一票、立委民主大聯盟一票、政黨民進黨一票，讓我們選對的人，走對的路！"	"yes"	"藍白"	"與其相信藍白合，不如堅定支持賴清德"
1171	"chingte"	"這幾天台北清晨的氣溫，讓我想起 3 年前，2020 年我與 蔡英文 Tsai Ing-wen 總統剛剛贏得大選後的 2 月，出訪美國在華盛頓特區的天氣。雖然氣溫有些冷冽，但那片萬里無雲的天空，在太陽的照耀下，讓人充滿著希望。 ​ 我與出訪同行的夥伴參觀了林肯紀念堂，這個象徵美國追求民主、自由與人權價值的殿堂，更是諾貝爾和平獎得主：馬丁路德牧師發表著名演說 <我有一個夢> 的所在地。在那時，我也與同行的夥伴， 蕭美琴 Bi-khim Hsiao 一同在紀念館前合影，留下了這張照片。 ​ 那時的我們，可能都沒想到，正開始蔓延的 COVID-19 疫情，即將影響接下來世界各國的每一個人，更造成了後續台灣與其他國家的互動關係變化。而美琴也在我們出訪回國的幾個月後，正式出任駐美代表，並隨即投入台美關係的外交工作，且在疫情間，促成了台美之間互相支援防疫物資，如此善的循環。 ​ 美琴這幾年在美國的外交表現，我想不用我贅述，早已是為國人與國際友人們所稱讚，更成就了台美關係在這幾年內，空前的緊密互動。我相信，美琴絕對是現今台灣外交工作中的佼佼者，更是我們國家不可多得的外交人才。 ​ 我也要在此預告，我即將在今天下午正式向國人宣布，邀請美琴成為我參選 2024 總統大選的競選搭檔，我相信，這是眾所期待的決定，也是最好的決定。這段時間以來，我們看到藍白合造成的紛擾，我一再強調，沒有互信基礎的合作，即便最後真的成為一個競選組合，那也將是貌合神離、分贓權力的組合。任何不具相同理念與共同價值的合作，最後都將造成更大的紛亂，而且不是國家之福。 ​ 相較於此，我所率領的團隊，絕對是一個準備完全，並且經得起考驗的團隊，在蔡英文總統 8 年的執政基礎下，我有信心與美琴一起，在這最後的 50 幾天，凝聚國人共識、團結所有一切的力量，贏得選舉，讓台灣繼續在穩健向前的道路上，持續壯大。國人同胞們，請堅定支持我們，與我們一起，一起迎向最後的勝利！"	"yes"	"藍白"	"這段時間以來，我們看到藍白合造成的紛擾，我一再強調，沒有互信基礎的合作，即便最後真的成為一個競選組合，那也將是貌合神離、分贓權力的組合"
1216	"chingte"	"TEAM TAIWAN 挺台灣，用美德贏台灣！ ​ 這個週末也是行程滿滿！從北海岸、台北、桃園、到新竹，從各地競總到百工百業後援會，走過北台灣一圈，見到各地熱情的鄉親，都讓我們更能夠昂首闊步，堅定自己的步伐，邁向最後的勝利。 ​ 特別感謝 蔡英文 Tsai Ing-wen總統、 蘇貞昌前院長、 陳建仁 Chen Chien-Jen 院長、 游錫堃 院長、 鄭文燦 副院長 、 柯建銘 總召 ，每次聽到黃金助講陣容的演說，都讓人熱血沸騰，感謝 TEAM TAIWAN 隊友們的全力支持！ ​ 這幾天，有人把我和 蕭美琴 Bi-khim Hsiao在美國華府的合照，做成一張照片，叫做Vote for Taiwan 台灣的美德，也有更有巧思的網友，說這是美德贏台灣 Made in Taiwan，真的很厲害。但我想重點不在我們的名字中有美和德，而在我們要展現台灣人追求善良堅韌、承擔責任的美德。 ​ 因為台灣美德，存在於所有善良台灣人民心中。 因為台灣美德，要讓世界更多人，喜愛台灣、支持台灣。 ​ 這幾天，藍白合的戲碼上演了幾個月，總算是劃下完結篇了，但我想大家可以看出，藍白合並不是真正為了國家、人民而合作，只是為了各自政黨的利益在分贓。我想，面對台灣未來的挑戰，應該要有值得信賴、有經驗的團隊，所以我們在國會的夥伴，也非常重要跟關鍵。 ​ 在台灣北海岸參選的 何博文 Ho Po-wen，我跟他在30年前認識的時候，他就是一位非常專業、是非分明的記者，之後他擔任議員的表現，更是獲得地方肯定，讓鄉親們讚不絕口，因此新北第一選區的朋友們，別忘了支持這位有理想性的優秀人才！ ​ 而在新竹市，則有我們優秀的 林志潔，他是陽明交大的老師，具有科技法律的專業。未來我會推動「桃竹苗大矽谷計畫」，讓新竹跟苗栗桃園一起打造完整的新興科技產業區域，如果未來國會有志潔的加入，一定可以順利推行大矽谷計畫，打造創新繁榮的台灣！ ​ 桃園則在鄭文燦市長團隊任內，有了新的面貌，民進黨建設桃園、發展桃園的成績，我相信鄉親們都看得到，所以桃園的鄉親們，千萬不要忘了支持桃園隊的 鄭運鵬 Cheng Yun-Peng、 黃世杰、 彭俊豪、 桃園區立委候選人 范綱祥 律師/環工技師、 劉仁照、 趙正宇，才讓桃園有煥然一新的發展！ ​ 明年 1 月 13 日，懇請各位鄉親出門投票，正副總統賴清德、蕭美琴一票，立委民主大聯盟一票、政黨民進黨一票，讓我們選對的人、走對的路，讓台灣用務實平穩的腳步，走在正確的道路上！"	"yes"	"藍白"	" ​ 特別感謝 蔡英文 Tsai Ing-wen總統、 蘇貞昌前院長、 陳建仁 Chen Chien-Jen 院長、 游錫堃 院長、 鄭文燦 副院長 、 柯建銘 總召 ，每次聽到黃金助講陣容的演說，都讓人熱血沸騰，感謝 TEAM TAIWAN 隊友們的全力支持"
1216	"chingte"	"TEAM TAIWAN 挺台灣，用美德贏台灣！ ​ 這個週末也是行程滿滿！從北海岸、台北、桃園、到新竹，從各地競總到百工百業後援會，走過北台灣一圈，見到各地熱情的鄉親，都讓我們更能夠昂首闊步，堅定自己的步伐，邁向最後的勝利。 ​ 特別感謝 蔡英文 Tsai Ing-wen總統、 蘇貞昌前院長、 陳建仁 Chen Chien-Jen 院長、 游錫堃 院長、 鄭文燦 副院長 、 柯建銘 總召 ，每次聽到黃金助講陣容的演說，都讓人熱血沸騰，感謝 TEAM TAIWAN 隊友們的全力支持！ ​ 這幾天，有人把我和 蕭美琴 Bi-khim Hsiao在美國華府的合照，做成一張照片，叫做Vote for Taiwan 台灣的美德，也有更有巧思的網友，說這是美德贏台灣 Made in Taiwan，真的很厲害。但我想重點不在我們的名字中有美和德，而在我們要展現台灣人追求善良堅韌、承擔責任的美德。 ​ 因為台灣美德，存在於所有善良台灣人民心中。 因為台灣美德，要讓世界更多人，喜愛台灣、支持台灣。 ​ 這幾天，藍白合的戲碼上演了幾個月，總算是劃下完結篇了，但我想大家可以看出，藍白合並不是真正為了國家、人民而合作，只是為了各自政黨的利益在分贓。我想，面對台灣未來的挑戰，應該要有值得信賴、有經驗的團隊，所以我們在國會的夥伴，也非常重要跟關鍵。 ​ 在台灣北海岸參選的 何博文 Ho Po-wen，我跟他在30年前認識的時候，他就是一位非常專業、是非分明的記者，之後他擔任議員的表現，更是獲得地方肯定，讓鄉親們讚不絕口，因此新北第一選區的朋友們，別忘了支持這位有理想性的優秀人才！ ​ 而在新竹市，則有我們優秀的 林志潔，他是陽明交大的老師，具有科技法律的專業。未來我會推動「桃竹苗大矽谷計畫」，讓新竹跟苗栗桃園一起打造完整的新興科技產業區域，如果未來國會有志潔的加入，一定可以順利推行大矽谷計畫，打造創新繁榮的台灣！ ​ 桃園則在鄭文燦市長團隊任內，有了新的面貌，民進黨建設桃園、發展桃園的成績，我相信鄉親們都看得到，所以桃園的鄉親們，千萬不要忘了支持桃園隊的 鄭運鵬 Cheng Yun-Peng、 黃世杰、 彭俊豪、 桃園區立委候選人 范綱祥 律師/環工技師、 劉仁照、 趙正宇，才讓桃園有煥然一新的發展！ ​ 明年 1 月 13 日，懇請各位鄉親出門投票，正副總統賴清德、蕭美琴一票，立委民主大聯盟一票、政黨民進黨一票，讓我們選對的人、走對的路，讓台灣用務實平穩的腳步，走在正確的道路上！"	"yes"	"藍白"	" ​ 這幾天，藍白合的戲碼上演了幾個月，總算是劃下完結篇了，但我想大家可以看出，藍白合並不是真正為了國家、人民而合作，只是為了各自政黨的利益在分贓"
1279	"chingte"	"為了台灣的未來，我們做伙打拚，做伙撩下去！ ​ 再過 41 天，我們就要投票了。今天是我們的全國暨台北競總成立，這是我走遍各縣市，成立競總的最後一站，也是選戰邁入衝刺階段的第一站。 ​ 從今天開始的每一天，我們都會加倍打拚，鬥陣拚、做伙贏。 ​ 我和美琴的全國競選總部就在旁邊，在裡面有一道「民主應援牆」，來自台灣和世界各地的朋友，寫下對台灣的期待。我們不分年紀、不分行業、不分族群，都有著共同的目標，要讓台灣繼續走對的路、繼續壯大。 ​ 我們的總部牆上，更寫著「世界的改變，正是台灣的機會」，我們要一起讓台灣，在國際變局中掌握契機，成為民主世界的 MVP。 ​ 台灣已經是世界的台灣。這幾年來， 蔡英文 Tsai Ing-wen 總統執政，台灣有對的人帶領，我們大步走向世界。 ​ 民進黨執政已經證明，與其依賴中國，不如信賴台灣。 ​ 過去，台灣的農產品被中國打壓，影響農民的生計。這幾年來，台灣農產品對美國、日本、韓國、加拿大等國家的外銷，都持續在增加。現在，台灣農產品出口，占比最高的國家，是美國，提升到總值的 17.5%，對中國出口的占比，已經從 20 %降到 12.9 %，今年不到 10 %。 ​ 過去，台灣對外投資，本來最多是投資在中國，現在最多投資是到東南亞，甚至擴散到日本、美國、歐洲。去年，台灣對新南向國家的貿易總額和出口額，也都創下歷史的新高。 ​ 我還要告訴大家，過去台灣的口罩高度依賴進口，而且高達九成是來自中國。疫情發生後，我們政府和民間共同努力，台灣不但成為口罩的生產國，我們的產量，還是全世界第二名。 ​ 在疫情期間，「Made in Taiwan」、台灣製造的口罩，捐贈到 80 多個國家，總共超過 5,100 萬個。這就是美德贏台灣，「Made in Taiwan」的良善力量。 ​ 我和美琴之前在華府的合照，大家期許「美德贏台灣」。我們會繼續走對的路，壯大台灣，讓世界看見「Made in Taiwan」的實力！ ​ 國民黨宣稱只能靠中國的那個年代，已經過去了，以台灣目前的經濟實力，我們不必，也不能走回頭路。 ​ 我們的對手，雖然用不同的政黨參選。但他們都共同喊出重啟服貿；他們一個接受九二共識，一個高喊兩岸一家親；他們都想要讓台灣走回依賴中國的老路，成為中國的台灣。 ​ 甚至，國民黨還提出要開放大量中國學生來台就業。今年六月，中國青年的失業率超過 20 %，八月之後更是完全不敢公布數字。開放中國青年來台灣工作，為中國解決青年失業問題，卻可能衝擊台灣的就業市場，賠上台灣年輕人的未來。 ​ 和平無價，人人期待，但在野黨以「放棄主權」，「犧牲經濟自主」，「忍受社會衝擊」的方式，絕對不可能獲得真正的和平。我們絕對不能把國家交給這群人。 ​ 這幾年來，台海議題已經成為全球性議題，全世界都在關注台灣的走向。「世界上架台灣」，也是國際共識，各國都想跟台灣加強合作，這場選舉，就是在選擇國家方向。選擇賴清德和蕭美琴，就是選擇信賴台灣，繼續走向世界的台灣。 ​ 「藍白合」的紛擾進行了幾個月，不只是全台灣都在看，國際媒體、世界各國，看在心裡。也都看得很淸楚，他們並沒有提出完整的治國願景，不是為國家，也不是為了人民，只有政治算計和依賴中國。這樣的表現，大家敢把國家交給他們嗎？ ​ 選擇賴清德和蕭美琴，就是選擇負責、穩健的執政態度。 ​ 當藍白還在談合不合，我已經召開七場國政願景發表會，向社會報告，我對國家的經濟、教育、醫療、文化、社福等領域，所提出的政見，要為台灣下一個四年、八年、甚至更長遠的未來，打下基礎。 ​ 這些政見，是過去兩年多來，我結合國內三大智庫，集結超過兩百位學者專家，反覆討論的國政藍圖。 ​ 從上個月開始，我也像今天一樣，在各縣市成立競選總部，向各地的鄉親，說明我的理念，爭取大家的支持。這是我做為總統候選人，向人民負責的態度。 ​ 蕭美琴也是一樣。上個月，台積電的張忠謀創辦人，代表蔡英文總統，到美國參加 APEC 會議。蕭美琴身為駐美代表，陪著代表團，努力拚外交。 ​ 直到我們代表團的任務結束了，蕭美琴才跟張忠謀創辦人，搭同一班飛機，回來台灣，也就是中選會開放參選登記的前一天，這就是蕭美琴負責任的態度。 ​ 這場選舉，也是在選擇最好的執政團隊。選擇賴清德和蕭美琴，就是選擇最有經驗、最有能力的團隊，可以推動台灣穩健前進。 ​ 未來，我們會帶領國家向前走，打造「智慧永續新台灣」。尤其是雙北，是首都生活圈，也是政治、經濟、文化、商務的重心。我們要讓雙北，可以發揮基礎建設和生活品質的優勢，發展為「創新研發首都」，讓台灣的創意走向國際。 ​ 我們要推動五大信賴產業，也就是半導體、人工智慧、軍工、安控、次世代通訊產業，也就是發展低軌道衛星，並且積極投資下一代的科技創新，包括量子電腦，人工智慧，精準醫療等。讓台灣站在時代的前端，持續壯大台灣。 ​ 未來，我們會帶領國家向前走，擴大社會投資，推動「0 到 6 歲國家一起養 2.0」、「長照 3.0」、促進教育平權，並且解決年輕人就學、就業、創業、以及居住的問題，打造溫暖公義的台灣。 ​ 未來，我們會帶領國家向前走，強化國防力量，守護國家主權，維護民主自由和人權，我們更要跟國際民主陣營，肩並肩，發揮威懾的力量，共同促進印太地區，和世界的和平繁榮發展。 ​ 賴清德、蕭美琴，有最豐富的歷練、有最完整的國政願景，更有守護台灣的堅定意志！ ​ 請給我們機會，我和 蕭美琴 Bi-khim Hsiao，會用人唯才，建立一個清廉勤政愛鄉土的政府，打擊黑金槍毒詐，會帶給大家一個綠色、和平、有尊嚴的國家！ ​ 賴清德和蕭美琴，要帶領國家向前走，國會一定要有足夠的力量。 ​ 台北的八位立委候選人，都是一時之選！ ​ 第一選區 吳思瑤 ，思瑤是具備教育、文化專業，也是立法院評鑑第一名的委員。只要台北有需要，就找吳思瑤。 ​ 第二選區 王世堅，世堅是我在立法院的好同事，他是立法院的即戰力。他身上也有民主 DNA，更有對正義滿滿的堅持。我們一起支持「正義尖兵」王世堅！ ​ 第三選區 謝佩芬，佩芬擔任過民進黨國際部主任，以及聯合國的外交官，不管在認真、專業，還有外交，都是一百分。我們一起支持謝佩芬，讓「下一個蕭美琴」進入國會！ ​ 第四選區 高嘉瑜，嘉瑜是公督盟、口袋國會、動保團體、以及司法團體，評鑑第一名的立法委員。她專業問政、深耕基層，更替地方爭取許多重大的建設。請團結支持民進黨在這個選區，唯一提名、也是唯一會贏的高嘉瑜。 ​ 第五選區 吳沛憶，沛憶是野草莓、太陽花學運的領袖，因為她的努力，台灣才能避免服貿協議，對經濟、社會造成的衝擊。請大家團結支持吳沛憶，讓她繼承林昶佐委員的棒子，讓中正、萬華持續進步！ ​ 第六選區 苗博雅 MiaoPoya，博雅來自社會民主黨，也是太陽花學運的領袖。她爭取 500 項地方建設、解決陳情服務案件超過 5,000 件、提供 830 場免費法律諮詢，是非常傑出的候選人，我們團結支持苗博雅進入國會！ ​ 第七選區 許淑華Hsu Shu-Hua，淑華出身基層，在議會表現非常傑出，她在市場擺攤位超過1,500場法律諮詢服務，來服務選民，是一位非常有愛心的人。拜託大家，把許淑華送進國會。 ​ 第八選區 王閔生 台北市議員，閔生具備社會福利的專業，在擔任幕僚、議員期間，都非常關懷弱勢族群。他充滿執行力，是讓人期待的新世代好人才。我們全力支持王閔生！ ​ 我們還有一張政黨票非常重要。民進黨的不分區名單，是秉持跨黨派、跨領域、跨世代的「民主大聯盟」精神。 ​ 民進黨不分區的第一名，是靖娟基金會的 #林月琴 執行長。 靖娟基金會長期致力於交通安全、兒少權益、以及弱勢照顧。我們希望借重林靖娟執行長的專業，協助政府能夠把交通安全做得更好，避免在人行道、斑馬線上，發生不幸的意外，也能夠照顧兒少以及弱勢族群。 ​ 不分區男性第一名是 #沈伯洋 老師，他是 黑熊學院 的院長。台灣面對中國的威脅，不是只有武力威脅、金錢的誘惑，更有假訊息，還有認知作戰，對台灣的民心士氣、社會安定影響很大。 ​ 在年輕一輩，對於假訊息、認知作戰，最有經驗的就是沈伯洋老師。我們邀請他，就是協助政府守護台灣。 ​ 我們的政治組第一名， 游錫堃 院長，是 1986 年 9 月 28 號，民進黨圓山創黨會議的主席。當天參與會議的人，都做好被抓、被關，甚至犧牲生命的準備，非常勇敢。 ​ 民進黨能夠有「清廉、勤政、愛鄉土」、「綠色執政，品質保證」的招牌，就是由宜蘭縣陳定南和游錫堃兩位縣長打下來，對台灣民主政治影響深遠。 ​ 這次不分區的投票，我們除了支持好的人選進入國會，還有另一個任務，就是搶救 ＃王義川，王義川很有膽識，他公開講，韓國瑜和黃國昌，是安全名單到哪裡，他們就在哪裡。反之，王義川在哪裡，安全名單就到哪裡。敬請大家全力搶救王義川！ ​ 我們現在相聚的地點，承載了重大的意義。在這個地方，我們經歷悲傷，我們也在這個地方，開啟了改變台灣的第一哩路。 ​ 每一次，我們在這裡相聚，也都是為了台灣。 ​ 來自各地的志工朋友，在全國競總，熱情地招呼訪客，介紹我們的政見。前幾天，我們推出「貓狗胸章」之後，這裡出現了排隊人潮，還有人是凌晨兩點，就來到現場。 ​ 今天站在這裡的每一位、以及收看直播的好朋友，感謝大家的支持。我知道，大家的每一分熱情、每一個行動，都是為了更好的台灣。 ​ 「有路，咱沿路唱歌，無路，咱蹽溪過嶺」，為了台灣的未來，我們做伙打拚，做伙撩下去！ ​ 我們邀請大家一起來做總幹事。拜託大家，一人拉十票，全力拉票，明年1月13日，我們一起出門投票。 ​ 總統票支持賴清德、蕭美琴；立委票支持台北隊最優秀的立委全上；政黨票支持民主進步黨。 ​ 2024 團結一致，選對的人、走對的路。讓台灣繼續穩健前進、大步向前！"	"yes"	"國民黨, 藍白, 在野黨, 侯, 柯"	" ​ 「藍白合」的紛擾進行了幾個月，不只是全台灣都在看，國際媒體、世界各國，看在心裡"
1279	"chingte"	"為了台灣的未來，我們做伙打拚，做伙撩下去！ ​ 再過 41 天，我們就要投票了。今天是我們的全國暨台北競總成立，這是我走遍各縣市，成立競總的最後一站，也是選戰邁入衝刺階段的第一站。 ​ 從今天開始的每一天，我們都會加倍打拚，鬥陣拚、做伙贏。 ​ 我和美琴的全國競選總部就在旁邊，在裡面有一道「民主應援牆」，來自台灣和世界各地的朋友，寫下對台灣的期待。我們不分年紀、不分行業、不分族群，都有著共同的目標，要讓台灣繼續走對的路、繼續壯大。 ​ 我們的總部牆上，更寫著「世界的改變，正是台灣的機會」，我們要一起讓台灣，在國際變局中掌握契機，成為民主世界的 MVP。 ​ 台灣已經是世界的台灣。這幾年來， 蔡英文 Tsai Ing-wen 總統執政，台灣有對的人帶領，我們大步走向世界。 ​ 民進黨執政已經證明，與其依賴中國，不如信賴台灣。 ​ 過去，台灣的農產品被中國打壓，影響農民的生計。這幾年來，台灣農產品對美國、日本、韓國、加拿大等國家的外銷，都持續在增加。現在，台灣農產品出口，占比最高的國家，是美國，提升到總值的 17.5%，對中國出口的占比，已經從 20 %降到 12.9 %，今年不到 10 %。 ​ 過去，台灣對外投資，本來最多是投資在中國，現在最多投資是到東南亞，甚至擴散到日本、美國、歐洲。去年，台灣對新南向國家的貿易總額和出口額，也都創下歷史的新高。 ​ 我還要告訴大家，過去台灣的口罩高度依賴進口，而且高達九成是來自中國。疫情發生後，我們政府和民間共同努力，台灣不但成為口罩的生產國，我們的產量，還是全世界第二名。 ​ 在疫情期間，「Made in Taiwan」、台灣製造的口罩，捐贈到 80 多個國家，總共超過 5,100 萬個。這就是美德贏台灣，「Made in Taiwan」的良善力量。 ​ 我和美琴之前在華府的合照，大家期許「美德贏台灣」。我們會繼續走對的路，壯大台灣，讓世界看見「Made in Taiwan」的實力！ ​ 國民黨宣稱只能靠中國的那個年代，已經過去了，以台灣目前的經濟實力，我們不必，也不能走回頭路。 ​ 我們的對手，雖然用不同的政黨參選。但他們都共同喊出重啟服貿；他們一個接受九二共識，一個高喊兩岸一家親；他們都想要讓台灣走回依賴中國的老路，成為中國的台灣。 ​ 甚至，國民黨還提出要開放大量中國學生來台就業。今年六月，中國青年的失業率超過 20 %，八月之後更是完全不敢公布數字。開放中國青年來台灣工作，為中國解決青年失業問題，卻可能衝擊台灣的就業市場，賠上台灣年輕人的未來。 ​ 和平無價，人人期待，但在野黨以「放棄主權」，「犧牲經濟自主」，「忍受社會衝擊」的方式，絕對不可能獲得真正的和平。我們絕對不能把國家交給這群人。 ​ 這幾年來，台海議題已經成為全球性議題，全世界都在關注台灣的走向。「世界上架台灣」，也是國際共識，各國都想跟台灣加強合作，這場選舉，就是在選擇國家方向。選擇賴清德和蕭美琴，就是選擇信賴台灣，繼續走向世界的台灣。 ​ 「藍白合」的紛擾進行了幾個月，不只是全台灣都在看，國際媒體、世界各國，看在心裡。也都看得很淸楚，他們並沒有提出完整的治國願景，不是為國家，也不是為了人民，只有政治算計和依賴中國。這樣的表現，大家敢把國家交給他們嗎？ ​ 選擇賴清德和蕭美琴，就是選擇負責、穩健的執政態度。 ​ 當藍白還在談合不合，我已經召開七場國政願景發表會，向社會報告，我對國家的經濟、教育、醫療、文化、社福等領域，所提出的政見，要為台灣下一個四年、八年、甚至更長遠的未來，打下基礎。 ​ 這些政見，是過去兩年多來，我結合國內三大智庫，集結超過兩百位學者專家，反覆討論的國政藍圖。 ​ 從上個月開始，我也像今天一樣，在各縣市成立競選總部，向各地的鄉親，說明我的理念，爭取大家的支持。這是我做為總統候選人，向人民負責的態度。 ​ 蕭美琴也是一樣。上個月，台積電的張忠謀創辦人，代表蔡英文總統，到美國參加 APEC 會議。蕭美琴身為駐美代表，陪著代表團，努力拚外交。 ​ 直到我們代表團的任務結束了，蕭美琴才跟張忠謀創辦人，搭同一班飛機，回來台灣，也就是中選會開放參選登記的前一天，這就是蕭美琴負責任的態度。 ​ 這場選舉，也是在選擇最好的執政團隊。選擇賴清德和蕭美琴，就是選擇最有經驗、最有能力的團隊，可以推動台灣穩健前進。 ​ 未來，我們會帶領國家向前走，打造「智慧永續新台灣」。尤其是雙北，是首都生活圈，也是政治、經濟、文化、商務的重心。我們要讓雙北，可以發揮基礎建設和生活品質的優勢，發展為「創新研發首都」，讓台灣的創意走向國際。 ​ 我們要推動五大信賴產業，也就是半導體、人工智慧、軍工、安控、次世代通訊產業，也就是發展低軌道衛星，並且積極投資下一代的科技創新，包括量子電腦，人工智慧，精準醫療等。讓台灣站在時代的前端，持續壯大台灣。 ​ 未來，我們會帶領國家向前走，擴大社會投資，推動「0 到 6 歲國家一起養 2.0」、「長照 3.0」、促進教育平權，並且解決年輕人就學、就業、創業、以及居住的問題，打造溫暖公義的台灣。 ​ 未來，我們會帶領國家向前走，強化國防力量，守護國家主權，維護民主自由和人權，我們更要跟國際民主陣營，肩並肩，發揮威懾的力量，共同促進印太地區，和世界的和平繁榮發展。 ​ 賴清德、蕭美琴，有最豐富的歷練、有最完整的國政願景，更有守護台灣的堅定意志！ ​ 請給我們機會，我和 蕭美琴 Bi-khim Hsiao，會用人唯才，建立一個清廉勤政愛鄉土的政府，打擊黑金槍毒詐，會帶給大家一個綠色、和平、有尊嚴的國家！ ​ 賴清德和蕭美琴，要帶領國家向前走，國會一定要有足夠的力量。 ​ 台北的八位立委候選人，都是一時之選！ ​ 第一選區 吳思瑤 ，思瑤是具備教育、文化專業，也是立法院評鑑第一名的委員。只要台北有需要，就找吳思瑤。 ​ 第二選區 王世堅，世堅是我在立法院的好同事，他是立法院的即戰力。他身上也有民主 DNA，更有對正義滿滿的堅持。我們一起支持「正義尖兵」王世堅！ ​ 第三選區 謝佩芬，佩芬擔任過民進黨國際部主任，以及聯合國的外交官，不管在認真、專業，還有外交，都是一百分。我們一起支持謝佩芬，讓「下一個蕭美琴」進入國會！ ​ 第四選區 高嘉瑜，嘉瑜是公督盟、口袋國會、動保團體、以及司法團體，評鑑第一名的立法委員。她專業問政、深耕基層，更替地方爭取許多重大的建設。請團結支持民進黨在這個選區，唯一提名、也是唯一會贏的高嘉瑜。 ​ 第五選區 吳沛憶，沛憶是野草莓、太陽花學運的領袖，因為她的努力，台灣才能避免服貿協議，對經濟、社會造成的衝擊。請大家團結支持吳沛憶，讓她繼承林昶佐委員的棒子，讓中正、萬華持續進步！ ​ 第六選區 苗博雅 MiaoPoya，博雅來自社會民主黨，也是太陽花學運的領袖。她爭取 500 項地方建設、解決陳情服務案件超過 5,000 件、提供 830 場免費法律諮詢，是非常傑出的候選人，我們團結支持苗博雅進入國會！ ​ 第七選區 許淑華Hsu Shu-Hua，淑華出身基層，在議會表現非常傑出，她在市場擺攤位超過1,500場法律諮詢服務，來服務選民，是一位非常有愛心的人。拜託大家，把許淑華送進國會。 ​ 第八選區 王閔生 台北市議員，閔生具備社會福利的專業，在擔任幕僚、議員期間，都非常關懷弱勢族群。他充滿執行力，是讓人期待的新世代好人才。我們全力支持王閔生！ ​ 我們還有一張政黨票非常重要。民進黨的不分區名單，是秉持跨黨派、跨領域、跨世代的「民主大聯盟」精神。 ​ 民進黨不分區的第一名，是靖娟基金會的 #林月琴 執行長。 靖娟基金會長期致力於交通安全、兒少權益、以及弱勢照顧。我們希望借重林靖娟執行長的專業，協助政府能夠把交通安全做得更好，避免在人行道、斑馬線上，發生不幸的意外，也能夠照顧兒少以及弱勢族群。 ​ 不分區男性第一名是 #沈伯洋 老師，他是 黑熊學院 的院長。台灣面對中國的威脅，不是只有武力威脅、金錢的誘惑，更有假訊息，還有認知作戰，對台灣的民心士氣、社會安定影響很大。 ​ 在年輕一輩，對於假訊息、認知作戰，最有經驗的就是沈伯洋老師。我們邀請他，就是協助政府守護台灣。 ​ 我們的政治組第一名， 游錫堃 院長，是 1986 年 9 月 28 號，民進黨圓山創黨會議的主席。當天參與會議的人，都做好被抓、被關，甚至犧牲生命的準備，非常勇敢。 ​ 民進黨能夠有「清廉、勤政、愛鄉土」、「綠色執政，品質保證」的招牌，就是由宜蘭縣陳定南和游錫堃兩位縣長打下來，對台灣民主政治影響深遠。 ​ 這次不分區的投票，我們除了支持好的人選進入國會，還有另一個任務，就是搶救 ＃王義川，王義川很有膽識，他公開講，韓國瑜和黃國昌，是安全名單到哪裡，他們就在哪裡。反之，王義川在哪裡，安全名單就到哪裡。敬請大家全力搶救王義川！ ​ 我們現在相聚的地點，承載了重大的意義。在這個地方，我們經歷悲傷，我們也在這個地方，開啟了改變台灣的第一哩路。 ​ 每一次，我們在這裡相聚，也都是為了台灣。 ​ 來自各地的志工朋友，在全國競總，熱情地招呼訪客，介紹我們的政見。前幾天，我們推出「貓狗胸章」之後，這裡出現了排隊人潮，還有人是凌晨兩點，就來到現場。 ​ 今天站在這裡的每一位、以及收看直播的好朋友，感謝大家的支持。我知道，大家的每一分熱情、每一個行動，都是為了更好的台灣。 ​ 「有路，咱沿路唱歌，無路，咱蹽溪過嶺」，為了台灣的未來，我們做伙打拚，做伙撩下去！ ​ 我們邀請大家一起來做總幹事。拜託大家，一人拉十票，全力拉票，明年1月13日，我們一起出門投票。 ​ 總統票支持賴清德、蕭美琴；立委票支持台北隊最優秀的立委全上；政黨票支持民主進步黨。 ​ 2024 團結一致，選對的人、走對的路。讓台灣繼續穩健前進、大步向前！"	"yes"	"國民黨, 藍白, 在野黨, 侯, 柯"	" ​ 當藍白還在談合不合，我已經召開七場國政願景發表會，向社會報告，我對國家的經濟、教育、醫療、文化、社福等領域，所提出的政見，要為台灣下一個四年、八年、甚至更長遠的未來，打下基礎"
1428	"chingte"	"【 總統候選人電視政見發表會 第一輪發言 】 ​ 總統領導國家應該要團結而不是分裂社會，但是很遺憾，選舉到現在，我的對手們不是用仇恨動員，就是用偏頗的言論抹黑攻擊我，直到現在也沒有例外。 ​ 1996 年台灣第一次舉行總統直選，是台灣人民第一次當家作主，全世界都在關注，中國發射飛彈造成台海危機，人心惶惶，有人選擇離開，但有更多人留下來，當時我 37 歲，是成大醫院總醫師，為了守護剛剛萌芽的民主台灣，我毅然決然追隨民主前輩的腳步，棄醫從政，我認為人生在世要找一件會讓血更熱的工作來做，才不虛此生。近 30 年來，我的決心沒有改變，我的意志更加堅定，我決定參選總統，我將承先啟後，為國家社會人民承擔四項重大使命。 ​ 第一，保衛國家生存，有主權才有國家，有台灣才有中華民國，不分族群先來後到，只要認同台灣，都是這塊土地的主人，我將永遠堅持自由民主的憲政體制，中華民國與中華人民共和國互不隸屬，台灣的主權不容侵犯併吞，中華民國台灣的前途也只有 2350 萬台灣人民才有權力決定，未來我將團結國人，走在蔡英文總統信賴台灣的路上，走進世界、壯大台灣。 ​ 侯市長，你口口聲聲說要守護中華民國，卻又接受九二共識，你難道不知道中國國家主席習近平，在去年中共二十大會上，再次強調九二共識就是一個中國原則，一國兩制，完全沒有中華民國的空間，我想請問，你如何用一個中國原則的九二共識守護中華民國？你都已經接受了九二共識，2350 萬的國人哪裡有權力來決定台灣的前途？ ​ 柯主席，你平時講話很粗，你的兩岸一家親喊得大小聲，接受一個中國原則，請問你如何走蔡英文總統的外交路線？近日柯主席批評國民黨本來就是紅的，侯趙配更是急速親中，趙少康反批柯主席是親中加三級，你們是五十步笑百步，都無法保衛國家生存。 ​ 第二，我參選總統，是為了守護 2350 萬人民的寶貴生命，和平無價，戰爭沒有贏家，我願意在對等尊嚴的前提下，敞開大門，和中國進行交流合作，增進兩岸人民的福祉，達到和平共榮，我們對和平有理想，但不存在幻想，在中國尚未放棄武力犯台之前，我將落實「和平四大支柱行動方案」，強化全民保家衛國的意識，強化國防、強化經濟、強化和民主陣營的合作，強化威懾的力量，不引戰也不畏戰，以備戰來避戰，達到和平的目標，靠實力保衛國家，不是靠侵略者的善意。 ​ 侯市長、柯主席，你們真的認為接受一個中國原則、九二共識，或兩岸一家親，再處處配合中國批判台灣挑釁，就可以獲得和平嗎？2350 萬條寶貴的生命，真的可以寄託在中國的善意嗎，侯市長、柯主席，我們一樣都追求和平，但不一樣的是，你們是走向統一的假和平，我則是維持現狀的真和平。 ​ 我的第三項使命，是照顧全國人民的生活。吃飯皇帝大，我會好好照顧每一個飯碗。我有一個夢想，台灣在經濟上能夠成為日不落國，台灣的企業，能夠立足台灣、行銷全世界，不論太陽在何時何地升起，都可以照到台灣的企業，我也會持續壯大科技產業，掌握地緣政治的變化，推動半導體、人工智慧、軍工、安控、低軌道衛星等五大信賴產業，並積極投資下一世代的科技產業，包括綠能、量子電腦、精準醫療等，政府也要做中小微型企業的靠山，幫助他們做數位轉型、淨零轉型，中小微型企業穩定，社會才會安定。 ​ 我們追求的經濟不只是創新成長、綠色成長、更是要包容性的成長，未來我還會推動均衡台灣國家建設計畫，各縣市支持地方產業、社會企業，以及地方創生產業，讓台灣處處可以安居、人人可以樂業。柯市長，1997 年香港被迫回到中國，結果失去全世界，台灣迎向世界、走向未來，台灣股市已經超過香港恆生指數，在這種狀況之下，你們真認為過時的服務貿易協定，把台灣的經濟再度鎖入中國，並開放大量中生來台就業 ，真的對台灣人民的生活會比較好嗎？ ​ 我的第四項使命，一個國家偉大與否，不在於土地大小人口多寡或武力的強大，而是是否享有民主人權的普世價值，是否不分性別、年齡、地域都能夠和諧自在的生活，我除了要打造民主和平的台灣，我還要擴大社會投資，加薪、減稅、少負擔三原則，讓每個人在人生的每個階段都能獲得最大的協助，讓年輕人看到希望、壯年人實現夢想、老年人擁有幸福、弱勢者可以得到照顧。 ​ 為解決年輕人的居住問題，我將全力推動社會住宅，侯市長你的「侯康貸」一推出後社會普遍認為不可行，不如多興建社會住宅，你的「塭仔圳市地重劃」，全案有四百公頃，但你目前只規劃 2100 戶，若按 5% 計算，可再增加一萬戶以上，我請問你願不願意這樣做？若市府沒有能力，你願不願意讓給中央，由我來做？ ​ 柯主席，你家新增的違建，你投資的農地又違法闢建為收費停車場，被發現後都先推給爸爸媽媽才恢復現狀，明知故犯，若沒被發現就繼續違法、繼續收錢，這就是你口中的新政治嗎？坦白跟社會大眾講，你家還有沒有其他問題？ ​ 未來如果我執政，我期許自己是希望的色彩，不是綠色、不是藍色或白色，我會為國人帶來希望，讓台灣生生不息，敬請國人同胞支持登記第二號賴清德、蕭美琴。 ​ ＃總統候選人電視政見發表會 ＃2號賴清德蕭美琴 ＃選對的人走對的路2024 #TeamTaiwan #挺台灣 賴清德承擔四項重大使命 保衛國家生存 守護2350萬人民的生命 照顧全國人民的生活 讓台灣這塊土地生生不息 第一場總統電視政見發表會 2 懒请德"	"yes"	"侯, 國民黨, 柯, 趙"	" ​ 柯主席，你平時講話很粗，你的兩岸一家親喊得大小聲，接受一個中國原則，請問你如何走蔡英文總統的外交路線"
1428	"chingte"	"【 總統候選人電視政見發表會 第一輪發言 】 ​ 總統領導國家應該要團結而不是分裂社會，但是很遺憾，選舉到現在，我的對手們不是用仇恨動員，就是用偏頗的言論抹黑攻擊我，直到現在也沒有例外。 ​ 1996 年台灣第一次舉行總統直選，是台灣人民第一次當家作主，全世界都在關注，中國發射飛彈造成台海危機，人心惶惶，有人選擇離開，但有更多人留下來，當時我 37 歲，是成大醫院總醫師，為了守護剛剛萌芽的民主台灣，我毅然決然追隨民主前輩的腳步，棄醫從政，我認為人生在世要找一件會讓血更熱的工作來做，才不虛此生。近 30 年來，我的決心沒有改變，我的意志更加堅定，我決定參選總統，我將承先啟後，為國家社會人民承擔四項重大使命。 ​ 第一，保衛國家生存，有主權才有國家，有台灣才有中華民國，不分族群先來後到，只要認同台灣，都是這塊土地的主人，我將永遠堅持自由民主的憲政體制，中華民國與中華人民共和國互不隸屬，台灣的主權不容侵犯併吞，中華民國台灣的前途也只有 2350 萬台灣人民才有權力決定，未來我將團結國人，走在蔡英文總統信賴台灣的路上，走進世界、壯大台灣。 ​ 侯市長，你口口聲聲說要守護中華民國，卻又接受九二共識，你難道不知道中國國家主席習近平，在去年中共二十大會上，再次強調九二共識就是一個中國原則，一國兩制，完全沒有中華民國的空間，我想請問，你如何用一個中國原則的九二共識守護中華民國？你都已經接受了九二共識，2350 萬的國人哪裡有權力來決定台灣的前途？ ​ 柯主席，你平時講話很粗，你的兩岸一家親喊得大小聲，接受一個中國原則，請問你如何走蔡英文總統的外交路線？近日柯主席批評國民黨本來就是紅的，侯趙配更是急速親中，趙少康反批柯主席是親中加三級，你們是五十步笑百步，都無法保衛國家生存。 ​ 第二，我參選總統，是為了守護 2350 萬人民的寶貴生命，和平無價，戰爭沒有贏家，我願意在對等尊嚴的前提下，敞開大門，和中國進行交流合作，增進兩岸人民的福祉，達到和平共榮，我們對和平有理想，但不存在幻想，在中國尚未放棄武力犯台之前，我將落實「和平四大支柱行動方案」，強化全民保家衛國的意識，強化國防、強化經濟、強化和民主陣營的合作，強化威懾的力量，不引戰也不畏戰，以備戰來避戰，達到和平的目標，靠實力保衛國家，不是靠侵略者的善意。 ​ 侯市長、柯主席，你們真的認為接受一個中國原則、九二共識，或兩岸一家親，再處處配合中國批判台灣挑釁，就可以獲得和平嗎？2350 萬條寶貴的生命，真的可以寄託在中國的善意嗎，侯市長、柯主席，我們一樣都追求和平，但不一樣的是，你們是走向統一的假和平，我則是維持現狀的真和平。 ​ 我的第三項使命，是照顧全國人民的生活。吃飯皇帝大，我會好好照顧每一個飯碗。我有一個夢想，台灣在經濟上能夠成為日不落國，台灣的企業，能夠立足台灣、行銷全世界，不論太陽在何時何地升起，都可以照到台灣的企業，我也會持續壯大科技產業，掌握地緣政治的變化，推動半導體、人工智慧、軍工、安控、低軌道衛星等五大信賴產業，並積極投資下一世代的科技產業，包括綠能、量子電腦、精準醫療等，政府也要做中小微型企業的靠山，幫助他們做數位轉型、淨零轉型，中小微型企業穩定，社會才會安定。 ​ 我們追求的經濟不只是創新成長、綠色成長、更是要包容性的成長，未來我還會推動均衡台灣國家建設計畫，各縣市支持地方產業、社會企業，以及地方創生產業，讓台灣處處可以安居、人人可以樂業。柯市長，1997 年香港被迫回到中國，結果失去全世界，台灣迎向世界、走向未來，台灣股市已經超過香港恆生指數，在這種狀況之下，你們真認為過時的服務貿易協定，把台灣的經濟再度鎖入中國，並開放大量中生來台就業 ，真的對台灣人民的生活會比較好嗎？ ​ 我的第四項使命，一個國家偉大與否，不在於土地大小人口多寡或武力的強大，而是是否享有民主人權的普世價值，是否不分性別、年齡、地域都能夠和諧自在的生活，我除了要打造民主和平的台灣，我還要擴大社會投資，加薪、減稅、少負擔三原則，讓每個人在人生的每個階段都能獲得最大的協助，讓年輕人看到希望、壯年人實現夢想、老年人擁有幸福、弱勢者可以得到照顧。 ​ 為解決年輕人的居住問題，我將全力推動社會住宅，侯市長你的「侯康貸」一推出後社會普遍認為不可行，不如多興建社會住宅，你的「塭仔圳市地重劃」，全案有四百公頃，但你目前只規劃 2100 戶，若按 5% 計算，可再增加一萬戶以上，我請問你願不願意這樣做？若市府沒有能力，你願不願意讓給中央，由我來做？ ​ 柯主席，你家新增的違建，你投資的農地又違法闢建為收費停車場，被發現後都先推給爸爸媽媽才恢復現狀，明知故犯，若沒被發現就繼續違法、繼續收錢，這就是你口中的新政治嗎？坦白跟社會大眾講，你家還有沒有其他問題？ ​ 未來如果我執政，我期許自己是希望的色彩，不是綠色、不是藍色或白色，我會為國人帶來希望，讓台灣生生不息，敬請國人同胞支持登記第二號賴清德、蕭美琴。 ​ ＃總統候選人電視政見發表會 ＃2號賴清德蕭美琴 ＃選對的人走對的路2024 #TeamTaiwan #挺台灣 賴清德承擔四項重大使命 保衛國家生存 守護2350萬人民的生命 照顧全國人民的生活 讓台灣這塊土地生生不息 第一場總統電視政見發表會 2 懒请德"	"yes"	"侯, 國民黨, 柯, 趙"	"近日柯主席批評國民黨本來就是紅的，侯趙配更是急速親中，趙少康反批柯主席是親中加三級，你們是五十步笑百步，都無法保衛國家生存"
1428	"chingte"	"【 總統候選人電視政見發表會 第一輪發言 】 ​ 總統領導國家應該要團結而不是分裂社會，但是很遺憾，選舉到現在，我的對手們不是用仇恨動員，就是用偏頗的言論抹黑攻擊我，直到現在也沒有例外。 ​ 1996 年台灣第一次舉行總統直選，是台灣人民第一次當家作主，全世界都在關注，中國發射飛彈造成台海危機，人心惶惶，有人選擇離開，但有更多人留下來，當時我 37 歲，是成大醫院總醫師，為了守護剛剛萌芽的民主台灣，我毅然決然追隨民主前輩的腳步，棄醫從政，我認為人生在世要找一件會讓血更熱的工作來做，才不虛此生。近 30 年來，我的決心沒有改變，我的意志更加堅定，我決定參選總統，我將承先啟後，為國家社會人民承擔四項重大使命。 ​ 第一，保衛國家生存，有主權才有國家，有台灣才有中華民國，不分族群先來後到，只要認同台灣，都是這塊土地的主人，我將永遠堅持自由民主的憲政體制，中華民國與中華人民共和國互不隸屬，台灣的主權不容侵犯併吞，中華民國台灣的前途也只有 2350 萬台灣人民才有權力決定，未來我將團結國人，走在蔡英文總統信賴台灣的路上，走進世界、壯大台灣。 ​ 侯市長，你口口聲聲說要守護中華民國，卻又接受九二共識，你難道不知道中國國家主席習近平，在去年中共二十大會上，再次強調九二共識就是一個中國原則，一國兩制，完全沒有中華民國的空間，我想請問，你如何用一個中國原則的九二共識守護中華民國？你都已經接受了九二共識，2350 萬的國人哪裡有權力來決定台灣的前途？ ​ 柯主席，你平時講話很粗，你的兩岸一家親喊得大小聲，接受一個中國原則，請問你如何走蔡英文總統的外交路線？近日柯主席批評國民黨本來就是紅的，侯趙配更是急速親中，趙少康反批柯主席是親中加三級，你們是五十步笑百步，都無法保衛國家生存。 ​ 第二，我參選總統，是為了守護 2350 萬人民的寶貴生命，和平無價，戰爭沒有贏家，我願意在對等尊嚴的前提下，敞開大門，和中國進行交流合作，增進兩岸人民的福祉，達到和平共榮，我們對和平有理想，但不存在幻想，在中國尚未放棄武力犯台之前，我將落實「和平四大支柱行動方案」，強化全民保家衛國的意識，強化國防、強化經濟、強化和民主陣營的合作，強化威懾的力量，不引戰也不畏戰，以備戰來避戰，達到和平的目標，靠實力保衛國家，不是靠侵略者的善意。 ​ 侯市長、柯主席，你們真的認為接受一個中國原則、九二共識，或兩岸一家親，再處處配合中國批判台灣挑釁，就可以獲得和平嗎？2350 萬條寶貴的生命，真的可以寄託在中國的善意嗎，侯市長、柯主席，我們一樣都追求和平，但不一樣的是，你們是走向統一的假和平，我則是維持現狀的真和平。 ​ 我的第三項使命，是照顧全國人民的生活。吃飯皇帝大，我會好好照顧每一個飯碗。我有一個夢想，台灣在經濟上能夠成為日不落國，台灣的企業，能夠立足台灣、行銷全世界，不論太陽在何時何地升起，都可以照到台灣的企業，我也會持續壯大科技產業，掌握地緣政治的變化，推動半導體、人工智慧、軍工、安控、低軌道衛星等五大信賴產業，並積極投資下一世代的科技產業，包括綠能、量子電腦、精準醫療等，政府也要做中小微型企業的靠山，幫助他們做數位轉型、淨零轉型，中小微型企業穩定，社會才會安定。 ​ 我們追求的經濟不只是創新成長、綠色成長、更是要包容性的成長，未來我還會推動均衡台灣國家建設計畫，各縣市支持地方產業、社會企業，以及地方創生產業，讓台灣處處可以安居、人人可以樂業。柯市長，1997 年香港被迫回到中國，結果失去全世界，台灣迎向世界、走向未來，台灣股市已經超過香港恆生指數，在這種狀況之下，你們真認為過時的服務貿易協定，把台灣的經濟再度鎖入中國，並開放大量中生來台就業 ，真的對台灣人民的生活會比較好嗎？ ​ 我的第四項使命，一個國家偉大與否，不在於土地大小人口多寡或武力的強大，而是是否享有民主人權的普世價值，是否不分性別、年齡、地域都能夠和諧自在的生活，我除了要打造民主和平的台灣，我還要擴大社會投資，加薪、減稅、少負擔三原則，讓每個人在人生的每個階段都能獲得最大的協助，讓年輕人看到希望、壯年人實現夢想、老年人擁有幸福、弱勢者可以得到照顧。 ​ 為解決年輕人的居住問題，我將全力推動社會住宅，侯市長你的「侯康貸」一推出後社會普遍認為不可行，不如多興建社會住宅，你的「塭仔圳市地重劃」，全案有四百公頃，但你目前只規劃 2100 戶，若按 5% 計算，可再增加一萬戶以上，我請問你願不願意這樣做？若市府沒有能力，你願不願意讓給中央，由我來做？ ​ 柯主席，你家新增的違建，你投資的農地又違法闢建為收費停車場，被發現後都先推給爸爸媽媽才恢復現狀，明知故犯，若沒被發現就繼續違法、繼續收錢，這就是你口中的新政治嗎？坦白跟社會大眾講，你家還有沒有其他問題？ ​ 未來如果我執政，我期許自己是希望的色彩，不是綠色、不是藍色或白色，我會為國人帶來希望，讓台灣生生不息，敬請國人同胞支持登記第二號賴清德、蕭美琴。 ​ ＃總統候選人電視政見發表會 ＃2號賴清德蕭美琴 ＃選對的人走對的路2024 #TeamTaiwan #挺台灣 賴清德承擔四項重大使命 保衛國家生存 守護2350萬人民的生命 照顧全國人民的生活 讓台灣這塊土地生生不息 第一場總統電視政見發表會 2 懒请德"	"yes"	"侯, 國民黨, 柯, 趙"	" ​ 侯市長、柯主席，你們真的認為接受一個中國原則、九二共識，或兩岸一家親，再處處配合中國批判台灣挑釁，就可以獲得和平嗎"
1428	"chingte"	"【 總統候選人電視政見發表會 第一輪發言 】 ​ 總統領導國家應該要團結而不是分裂社會，但是很遺憾，選舉到現在，我的對手們不是用仇恨動員，就是用偏頗的言論抹黑攻擊我，直到現在也沒有例外。 ​ 1996 年台灣第一次舉行總統直選，是台灣人民第一次當家作主，全世界都在關注，中國發射飛彈造成台海危機，人心惶惶，有人選擇離開，但有更多人留下來，當時我 37 歲，是成大醫院總醫師，為了守護剛剛萌芽的民主台灣，我毅然決然追隨民主前輩的腳步，棄醫從政，我認為人生在世要找一件會讓血更熱的工作來做，才不虛此生。近 30 年來，我的決心沒有改變，我的意志更加堅定，我決定參選總統，我將承先啟後，為國家社會人民承擔四項重大使命。 ​ 第一，保衛國家生存，有主權才有國家，有台灣才有中華民國，不分族群先來後到，只要認同台灣，都是這塊土地的主人，我將永遠堅持自由民主的憲政體制，中華民國與中華人民共和國互不隸屬，台灣的主權不容侵犯併吞，中華民國台灣的前途也只有 2350 萬台灣人民才有權力決定，未來我將團結國人，走在蔡英文總統信賴台灣的路上，走進世界、壯大台灣。 ​ 侯市長，你口口聲聲說要守護中華民國，卻又接受九二共識，你難道不知道中國國家主席習近平，在去年中共二十大會上，再次強調九二共識就是一個中國原則，一國兩制，完全沒有中華民國的空間，我想請問，你如何用一個中國原則的九二共識守護中華民國？你都已經接受了九二共識，2350 萬的國人哪裡有權力來決定台灣的前途？ ​ 柯主席，你平時講話很粗，你的兩岸一家親喊得大小聲，接受一個中國原則，請問你如何走蔡英文總統的外交路線？近日柯主席批評國民黨本來就是紅的，侯趙配更是急速親中，趙少康反批柯主席是親中加三級，你們是五十步笑百步，都無法保衛國家生存。 ​ 第二，我參選總統，是為了守護 2350 萬人民的寶貴生命，和平無價，戰爭沒有贏家，我願意在對等尊嚴的前提下，敞開大門，和中國進行交流合作，增進兩岸人民的福祉，達到和平共榮，我們對和平有理想，但不存在幻想，在中國尚未放棄武力犯台之前，我將落實「和平四大支柱行動方案」，強化全民保家衛國的意識，強化國防、強化經濟、強化和民主陣營的合作，強化威懾的力量，不引戰也不畏戰，以備戰來避戰，達到和平的目標，靠實力保衛國家，不是靠侵略者的善意。 ​ 侯市長、柯主席，你們真的認為接受一個中國原則、九二共識，或兩岸一家親，再處處配合中國批判台灣挑釁，就可以獲得和平嗎？2350 萬條寶貴的生命，真的可以寄託在中國的善意嗎，侯市長、柯主席，我們一樣都追求和平，但不一樣的是，你們是走向統一的假和平，我則是維持現狀的真和平。 ​ 我的第三項使命，是照顧全國人民的生活。吃飯皇帝大，我會好好照顧每一個飯碗。我有一個夢想，台灣在經濟上能夠成為日不落國，台灣的企業，能夠立足台灣、行銷全世界，不論太陽在何時何地升起，都可以照到台灣的企業，我也會持續壯大科技產業，掌握地緣政治的變化，推動半導體、人工智慧、軍工、安控、低軌道衛星等五大信賴產業，並積極投資下一世代的科技產業，包括綠能、量子電腦、精準醫療等，政府也要做中小微型企業的靠山，幫助他們做數位轉型、淨零轉型，中小微型企業穩定，社會才會安定。 ​ 我們追求的經濟不只是創新成長、綠色成長、更是要包容性的成長，未來我還會推動均衡台灣國家建設計畫，各縣市支持地方產業、社會企業，以及地方創生產業，讓台灣處處可以安居、人人可以樂業。柯市長，1997 年香港被迫回到中國，結果失去全世界，台灣迎向世界、走向未來，台灣股市已經超過香港恆生指數，在這種狀況之下，你們真認為過時的服務貿易協定，把台灣的經濟再度鎖入中國，並開放大量中生來台就業 ，真的對台灣人民的生活會比較好嗎？ ​ 我的第四項使命，一個國家偉大與否，不在於土地大小人口多寡或武力的強大，而是是否享有民主人權的普世價值，是否不分性別、年齡、地域都能夠和諧自在的生活，我除了要打造民主和平的台灣，我還要擴大社會投資，加薪、減稅、少負擔三原則，讓每個人在人生的每個階段都能獲得最大的協助，讓年輕人看到希望、壯年人實現夢想、老年人擁有幸福、弱勢者可以得到照顧。 ​ 為解決年輕人的居住問題，我將全力推動社會住宅，侯市長你的「侯康貸」一推出後社會普遍認為不可行，不如多興建社會住宅，你的「塭仔圳市地重劃」，全案有四百公頃，但你目前只規劃 2100 戶，若按 5% 計算，可再增加一萬戶以上，我請問你願不願意這樣做？若市府沒有能力，你願不願意讓給中央，由我來做？ ​ 柯主席，你家新增的違建，你投資的農地又違法闢建為收費停車場，被發現後都先推給爸爸媽媽才恢復現狀，明知故犯，若沒被發現就繼續違法、繼續收錢，這就是你口中的新政治嗎？坦白跟社會大眾講，你家還有沒有其他問題？ ​ 未來如果我執政，我期許自己是希望的色彩，不是綠色、不是藍色或白色，我會為國人帶來希望，讓台灣生生不息，敬請國人同胞支持登記第二號賴清德、蕭美琴。 ​ ＃總統候選人電視政見發表會 ＃2號賴清德蕭美琴 ＃選對的人走對的路2024 #TeamTaiwan #挺台灣 賴清德承擔四項重大使命 保衛國家生存 守護2350萬人民的生命 照顧全國人民的生活 讓台灣這塊土地生生不息 第一場總統電視政見發表會 2 懒请德"	"yes"	"侯, 國民黨, 柯, 趙"	"2350 萬條寶貴的生命，真的可以寄託在中國的善意嗎，侯市長、柯主席，我們一樣都追求和平，但不一樣的是，你們是走向統一的假和平，我則是維持現狀的真和平"
1428	"chingte"	"【 總統候選人電視政見發表會 第一輪發言 】 ​ 總統領導國家應該要團結而不是分裂社會，但是很遺憾，選舉到現在，我的對手們不是用仇恨動員，就是用偏頗的言論抹黑攻擊我，直到現在也沒有例外。 ​ 1996 年台灣第一次舉行總統直選，是台灣人民第一次當家作主，全世界都在關注，中國發射飛彈造成台海危機，人心惶惶，有人選擇離開，但有更多人留下來，當時我 37 歲，是成大醫院總醫師，為了守護剛剛萌芽的民主台灣，我毅然決然追隨民主前輩的腳步，棄醫從政，我認為人生在世要找一件會讓血更熱的工作來做，才不虛此生。近 30 年來，我的決心沒有改變，我的意志更加堅定，我決定參選總統，我將承先啟後，為國家社會人民承擔四項重大使命。 ​ 第一，保衛國家生存，有主權才有國家，有台灣才有中華民國，不分族群先來後到，只要認同台灣，都是這塊土地的主人，我將永遠堅持自由民主的憲政體制，中華民國與中華人民共和國互不隸屬，台灣的主權不容侵犯併吞，中華民國台灣的前途也只有 2350 萬台灣人民才有權力決定，未來我將團結國人，走在蔡英文總統信賴台灣的路上，走進世界、壯大台灣。 ​ 侯市長，你口口聲聲說要守護中華民國，卻又接受九二共識，你難道不知道中國國家主席習近平，在去年中共二十大會上，再次強調九二共識就是一個中國原則，一國兩制，完全沒有中華民國的空間，我想請問，你如何用一個中國原則的九二共識守護中華民國？你都已經接受了九二共識，2350 萬的國人哪裡有權力來決定台灣的前途？ ​ 柯主席，你平時講話很粗，你的兩岸一家親喊得大小聲，接受一個中國原則，請問你如何走蔡英文總統的外交路線？近日柯主席批評國民黨本來就是紅的，侯趙配更是急速親中，趙少康反批柯主席是親中加三級，你們是五十步笑百步，都無法保衛國家生存。 ​ 第二，我參選總統，是為了守護 2350 萬人民的寶貴生命，和平無價，戰爭沒有贏家，我願意在對等尊嚴的前提下，敞開大門，和中國進行交流合作，增進兩岸人民的福祉，達到和平共榮，我們對和平有理想，但不存在幻想，在中國尚未放棄武力犯台之前，我將落實「和平四大支柱行動方案」，強化全民保家衛國的意識，強化國防、強化經濟、強化和民主陣營的合作，強化威懾的力量，不引戰也不畏戰，以備戰來避戰，達到和平的目標，靠實力保衛國家，不是靠侵略者的善意。 ​ 侯市長、柯主席，你們真的認為接受一個中國原則、九二共識，或兩岸一家親，再處處配合中國批判台灣挑釁，就可以獲得和平嗎？2350 萬條寶貴的生命，真的可以寄託在中國的善意嗎，侯市長、柯主席，我們一樣都追求和平，但不一樣的是，你們是走向統一的假和平，我則是維持現狀的真和平。 ​ 我的第三項使命，是照顧全國人民的生活。吃飯皇帝大，我會好好照顧每一個飯碗。我有一個夢想，台灣在經濟上能夠成為日不落國，台灣的企業，能夠立足台灣、行銷全世界，不論太陽在何時何地升起，都可以照到台灣的企業，我也會持續壯大科技產業，掌握地緣政治的變化，推動半導體、人工智慧、軍工、安控、低軌道衛星等五大信賴產業，並積極投資下一世代的科技產業，包括綠能、量子電腦、精準醫療等，政府也要做中小微型企業的靠山，幫助他們做數位轉型、淨零轉型，中小微型企業穩定，社會才會安定。 ​ 我們追求的經濟不只是創新成長、綠色成長、更是要包容性的成長，未來我還會推動均衡台灣國家建設計畫，各縣市支持地方產業、社會企業，以及地方創生產業，讓台灣處處可以安居、人人可以樂業。柯市長，1997 年香港被迫回到中國，結果失去全世界，台灣迎向世界、走向未來，台灣股市已經超過香港恆生指數，在這種狀況之下，你們真認為過時的服務貿易協定，把台灣的經濟再度鎖入中國，並開放大量中生來台就業 ，真的對台灣人民的生活會比較好嗎？ ​ 我的第四項使命，一個國家偉大與否，不在於土地大小人口多寡或武力的強大，而是是否享有民主人權的普世價值，是否不分性別、年齡、地域都能夠和諧自在的生活，我除了要打造民主和平的台灣，我還要擴大社會投資，加薪、減稅、少負擔三原則，讓每個人在人生的每個階段都能獲得最大的協助，讓年輕人看到希望、壯年人實現夢想、老年人擁有幸福、弱勢者可以得到照顧。 ​ 為解決年輕人的居住問題，我將全力推動社會住宅，侯市長你的「侯康貸」一推出後社會普遍認為不可行，不如多興建社會住宅，你的「塭仔圳市地重劃」，全案有四百公頃，但你目前只規劃 2100 戶，若按 5% 計算，可再增加一萬戶以上，我請問你願不願意這樣做？若市府沒有能力，你願不願意讓給中央，由我來做？ ​ 柯主席，你家新增的違建，你投資的農地又違法闢建為收費停車場，被發現後都先推給爸爸媽媽才恢復現狀，明知故犯，若沒被發現就繼續違法、繼續收錢，這就是你口中的新政治嗎？坦白跟社會大眾講，你家還有沒有其他問題？ ​ 未來如果我執政，我期許自己是希望的色彩，不是綠色、不是藍色或白色，我會為國人帶來希望，讓台灣生生不息，敬請國人同胞支持登記第二號賴清德、蕭美琴。 ​ ＃總統候選人電視政見發表會 ＃2號賴清德蕭美琴 ＃選對的人走對的路2024 #TeamTaiwan #挺台灣 賴清德承擔四項重大使命 保衛國家生存 守護2350萬人民的生命 照顧全國人民的生活 讓台灣這塊土地生生不息 第一場總統電視政見發表會 2 懒请德"	"yes"	"侯, 國民黨, 柯, 趙"	"柯市長，1997 年香港被迫回到中國，結果失去全世界，台灣迎向世界、走向未來，台灣股市已經超過香港恆生指數，在這種狀況之下，你們真認為過時的服務貿易協定，把台灣的經濟再度鎖入中國，並開放大量中生來台就業 ，真的對台灣人民的生活會比較好嗎"
1428	"chingte"	"【 總統候選人電視政見發表會 第一輪發言 】 ​ 總統領導國家應該要團結而不是分裂社會，但是很遺憾，選舉到現在，我的對手們不是用仇恨動員，就是用偏頗的言論抹黑攻擊我，直到現在也沒有例外。 ​ 1996 年台灣第一次舉行總統直選，是台灣人民第一次當家作主，全世界都在關注，中國發射飛彈造成台海危機，人心惶惶，有人選擇離開，但有更多人留下來，當時我 37 歲，是成大醫院總醫師，為了守護剛剛萌芽的民主台灣，我毅然決然追隨民主前輩的腳步，棄醫從政，我認為人生在世要找一件會讓血更熱的工作來做，才不虛此生。近 30 年來，我的決心沒有改變，我的意志更加堅定，我決定參選總統，我將承先啟後，為國家社會人民承擔四項重大使命。 ​ 第一，保衛國家生存，有主權才有國家，有台灣才有中華民國，不分族群先來後到，只要認同台灣，都是這塊土地的主人，我將永遠堅持自由民主的憲政體制，中華民國與中華人民共和國互不隸屬，台灣的主權不容侵犯併吞，中華民國台灣的前途也只有 2350 萬台灣人民才有權力決定，未來我將團結國人，走在蔡英文總統信賴台灣的路上，走進世界、壯大台灣。 ​ 侯市長，你口口聲聲說要守護中華民國，卻又接受九二共識，你難道不知道中國國家主席習近平，在去年中共二十大會上，再次強調九二共識就是一個中國原則，一國兩制，完全沒有中華民國的空間，我想請問，你如何用一個中國原則的九二共識守護中華民國？你都已經接受了九二共識，2350 萬的國人哪裡有權力來決定台灣的前途？ ​ 柯主席，你平時講話很粗，你的兩岸一家親喊得大小聲，接受一個中國原則，請問你如何走蔡英文總統的外交路線？近日柯主席批評國民黨本來就是紅的，侯趙配更是急速親中，趙少康反批柯主席是親中加三級，你們是五十步笑百步，都無法保衛國家生存。 ​ 第二，我參選總統，是為了守護 2350 萬人民的寶貴生命，和平無價，戰爭沒有贏家，我願意在對等尊嚴的前提下，敞開大門，和中國進行交流合作，增進兩岸人民的福祉，達到和平共榮，我們對和平有理想，但不存在幻想，在中國尚未放棄武力犯台之前，我將落實「和平四大支柱行動方案」，強化全民保家衛國的意識，強化國防、強化經濟、強化和民主陣營的合作，強化威懾的力量，不引戰也不畏戰，以備戰來避戰，達到和平的目標，靠實力保衛國家，不是靠侵略者的善意。 ​ 侯市長、柯主席，你們真的認為接受一個中國原則、九二共識，或兩岸一家親，再處處配合中國批判台灣挑釁，就可以獲得和平嗎？2350 萬條寶貴的生命，真的可以寄託在中國的善意嗎，侯市長、柯主席，我們一樣都追求和平，但不一樣的是，你們是走向統一的假和平，我則是維持現狀的真和平。 ​ 我的第三項使命，是照顧全國人民的生活。吃飯皇帝大，我會好好照顧每一個飯碗。我有一個夢想，台灣在經濟上能夠成為日不落國，台灣的企業，能夠立足台灣、行銷全世界，不論太陽在何時何地升起，都可以照到台灣的企業，我也會持續壯大科技產業，掌握地緣政治的變化，推動半導體、人工智慧、軍工、安控、低軌道衛星等五大信賴產業，並積極投資下一世代的科技產業，包括綠能、量子電腦、精準醫療等，政府也要做中小微型企業的靠山，幫助他們做數位轉型、淨零轉型，中小微型企業穩定，社會才會安定。 ​ 我們追求的經濟不只是創新成長、綠色成長、更是要包容性的成長，未來我還會推動均衡台灣國家建設計畫，各縣市支持地方產業、社會企業，以及地方創生產業，讓台灣處處可以安居、人人可以樂業。柯市長，1997 年香港被迫回到中國，結果失去全世界，台灣迎向世界、走向未來，台灣股市已經超過香港恆生指數，在這種狀況之下，你們真認為過時的服務貿易協定，把台灣的經濟再度鎖入中國，並開放大量中生來台就業 ，真的對台灣人民的生活會比較好嗎？ ​ 我的第四項使命，一個國家偉大與否，不在於土地大小人口多寡或武力的強大，而是是否享有民主人權的普世價值，是否不分性別、年齡、地域都能夠和諧自在的生活，我除了要打造民主和平的台灣，我還要擴大社會投資，加薪、減稅、少負擔三原則，讓每個人在人生的每個階段都能獲得最大的協助，讓年輕人看到希望、壯年人實現夢想、老年人擁有幸福、弱勢者可以得到照顧。 ​ 為解決年輕人的居住問題，我將全力推動社會住宅，侯市長你的「侯康貸」一推出後社會普遍認為不可行，不如多興建社會住宅，你的「塭仔圳市地重劃」，全案有四百公頃，但你目前只規劃 2100 戶，若按 5% 計算，可再增加一萬戶以上，我請問你願不願意這樣做？若市府沒有能力，你願不願意讓給中央，由我來做？ ​ 柯主席，你家新增的違建，你投資的農地又違法闢建為收費停車場，被發現後都先推給爸爸媽媽才恢復現狀，明知故犯，若沒被發現就繼續違法、繼續收錢，這就是你口中的新政治嗎？坦白跟社會大眾講，你家還有沒有其他問題？ ​ 未來如果我執政，我期許自己是希望的色彩，不是綠色、不是藍色或白色，我會為國人帶來希望，讓台灣生生不息，敬請國人同胞支持登記第二號賴清德、蕭美琴。 ​ ＃總統候選人電視政見發表會 ＃2號賴清德蕭美琴 ＃選對的人走對的路2024 #TeamTaiwan #挺台灣 賴清德承擔四項重大使命 保衛國家生存 守護2350萬人民的生命 照顧全國人民的生活 讓台灣這塊土地生生不息 第一場總統電視政見發表會 2 懒请德"	"yes"	"侯, 國民黨, 柯, 趙"	" ​ 柯主席，你家新增的違建，你投資的農地又違法闢建為收費停車場，被發現後都先推給爸爸媽媽才恢復現狀，明知故犯，若沒被發現就繼續違法、繼續收錢，這就是你口中的新政治嗎"
1429	"chingte"	"【 總統候選人電視政見發表會 第二輪發言 】 ​ 侯友宜市長，你說中華民國是護國神山，這是我以前從來沒聽過的神話，因為這要中華人民共和國接受才有可能，侯市長你認為可能嗎？ ​ 你說政府要開放十萬移工，這是典型假訊息，這個已經澄清過了，很可惜在今天這個場合，你用假訊息來掩蓋你講過歡迎大量中生來台就業，不敢坦然面對。 ​ 我剛不是批判你塭仔圳重劃做得不好，是知道你的「侯康貸」社會普遍反應不佳，不如拿塭仔圳土地 5% 來蓋社會住宅，就可以增加一萬戶以上，400 公頃，你才蓋 2100 戶社會住宅，新北市是我的故鄉，有多少年輕人有這個需求。 ​ 雖然你出身嘉義，但你不知道南台灣辛苦的真正情況，縣市合併那時我剛接任市長，工作千頭萬緒，我們先從事其他的工作。當時，社會住宅沒有比直接補助要來得好，反而是新北市的條件，遠比台南市當初推動社會住宅時要來得佳。你自己回去看看，在你的任內總共推了多少社會住宅，來照顧新北市的年輕人？ ​ 這場選舉關乎台灣的前途、後代子孫的幸福、民主的延續，以及印太的和平穩定。身為民進黨主席，我深刻反省，光靠民進黨恐怕力有未逮，所以，這次區域及不分區立委的提名，我都秉持民主大聯盟的精神，跨黨派、跨世代、跨領域，邀請優秀的人才，擴大民主的力量，共同承擔守護台灣的使命。 ​ 不分區第一名是靖娟基金會的執行長林月琴女士，借重他的專業，協助政府做好交通安全的工作，避免在人行道斑馬線上，再發生不幸交通意外；不分區男性第一名是黑熊學院的沈伯洋老師，我希望借重他的專業，來對抗假訊息及認知作戰，守護台灣安全，安定社會。 ​ 政治組的第一名是游錫堃院長，他是戒嚴時期民進黨圓山創黨會議的主席，過去他和陳定南在宜蘭縣，為民進黨打下「綠色執政、品質保證」這塊招牌。另外，王義川也是新一代的戰將，不管區域或是不分區名單皆是一時之選，敬請大家全力支持。而國民黨卻是政二代及地方勢力代表，若國民黨重新掌控國會，傾中路線將對台灣造成嚴重衝擊，不僅政府施政會停滯不前，過去的改革也將退回原點。 ​ 未來，我擔任總統，也將秉持「民主大聯盟」的精神，用人唯才、不分黨派，建立清廉、勤政、愛鄉土的政府，建設國家、發展經濟、造福人民，並且積極打擊黑、金、槍、毒、詐、貪腐。我從政近 30 年，不貪不取，乾乾淨淨，對弊案零容忍，該查就查，該辦就辦，該離職就離職，絕不寬貸。 ​ 不分黨派都有好人壞人，不該一竿子打翻一船人，我同意民進黨不完美，有做不夠、做不好，也有做錯的地方，但民進黨會在民意的教訓中，檢討改進。 ​ 侯市長、柯主席，你們喜歡罵民進黨貪腐，你們常常罵的那幾個案子都有結果了，你們應該知道吧？ 超思購蛋案已經調查完畢，只有 2 個人被起訴，一個是 Linbay 好油，民眾黨黃國昌的好朋友，另一個是國民黨的黨工許哲賓，擁有 1000 多個人頭帳戶，證明國民黨中央有養網軍。 ​ 疫苗採購案一共檢舉 62 案，檢調查無實據，已經調查完畢，通通簽結。我認為，高端疫苗契約立法院已經調閱過，監察院也有調查過，程序上我們應該解決，基於社會公益以及人民有知的權利應該公開。至於潛艦國造案，檢方查了幾百條金流，最後也證明清白簽結。反而國民黨的立委馬文君涉外患罪，你們卻同流合汙，無條件捍衛馬文君。 ​ 你們也用 88 槍擊案攻擊台南，用和我無關的事件抹黑我，但開槍和幕後的人都抓到了，都和國民黨有關，國民黨是做賊喊捉賊，其實國際透明組織公布，台灣現在的清廉程度是 27 年來最好，也就是蔡英文政府遠比馬英九政府還要好。反觀國民黨，過去的黑金貪腐紀錄，族繁不及備載，現在仍然子孫滿堂，侯市長，你都有前往助選，你不是和黑金勢不兩立，而是稱兄道弟。 ​ 侯市長跟柯主席，你們剛剛互相吹捧，但侯市長，你在副市長和市長任內，市府被起訴及被偵辦人數破紀錄高達 140 人，你的治安滿意度也都是後段班。這種包袱、這種成績，你怎麼反貪腐，怎麼拚治安？ ​ 柯主席，你為了擴張勢力，各縣市黨部成為黑道、強盜、暴力討債和問題人物的堂口，更挺涉貪的高虹安，也毫無顧忌的和國民黨的牛鬼蛇神擁抱在一起，柯市長，民眾黨才 4 年，怎麼墮落這麼快？ ​ 柯市長過去也常批判郝龍斌政府貪腐，你自己知不知道，在你任內依貪污罪起訴的市府員工多達 108 人，比起郝龍斌市長時代的 102 人還要多，你們還在這裡自我吹捧你們比別人清廉，要你們兩個人來反貪腐是請鬼拿藥單。 ​ 最近，我家的老房子，受到藍白攻擊，也引起社會的關注，其實礦區的房子，牽涉到台灣礦業發展歷史留下來的礦工住宅，以及礦工後代安居的問題，合理地解決才是正道，不是在多年後只做到認定「既存違建，拍照存檔」就當作解決。 因為礦區內的每一間房子都沒有特權，只有滿屋子的辛酸。這些房子都在《區域計畫法》施行前就已經合法存在，礦權廢止後，政府並沒有妥善處理他們的居住權，無法可申請，年久失修，自行修建是很自然的事情。所以這些房子應該是既存建築，和都市計畫內的違建概念不同，應該要獲得合理的解決。 ​ 最近我看到礦區內鄉親，擔心安身立命的房子被視為違建，也擔心被拆除，我感到過意不去。我有責任來協助大家，找出一條道路，保障大家的居住權益。在礦區的居住權獲得保障之後，為了紀念那個年代礦工對台灣經濟的貢獻，我願意把房子交付公益信託，優先做為「礦工生活紀念館」。 ​ 侯市長，你的大群館，現在的凱旋苑，遊走在法律邊緣，竟然申請 99 個門號企圖逃漏稅，還向學生收取高價租金，你卻在這裡大談如何照顧年輕人的居住權，你願不願意把大群館交付公益信託，免費提供給弱勢學生來居住？ ​ 柯市長你投資農地來炒地獲取暴利，將農地闢建為停車場來非法收取租金，你願不願意把這塊農地也交付公益信託，免費提供社區做為公益使用？ ​ 我向來勇敢堅強，不怕艱難，我也是感性的人，常常會被人事物所感動，但是我對國家、土地、人民的信念永遠不會變。 ＃總統候選人電視政見發表會 ＃2號賴清德蕭美琴 ＃選對的人走對的路"	"yes"	"侯, 國民黨, 民眾黨, 柯, 藍白, 馬英九"	" ​ 侯市長、柯主席，你們喜歡罵民進黨貪腐，你們常常罵的那幾個案子都有結果了，你們應該知道吧"
1429	"chingte"	"【 總統候選人電視政見發表會 第二輪發言 】 ​ 侯友宜市長，你說中華民國是護國神山，這是我以前從來沒聽過的神話，因為這要中華人民共和國接受才有可能，侯市長你認為可能嗎？ ​ 你說政府要開放十萬移工，這是典型假訊息，這個已經澄清過了，很可惜在今天這個場合，你用假訊息來掩蓋你講過歡迎大量中生來台就業，不敢坦然面對。 ​ 我剛不是批判你塭仔圳重劃做得不好，是知道你的「侯康貸」社會普遍反應不佳，不如拿塭仔圳土地 5% 來蓋社會住宅，就可以增加一萬戶以上，400 公頃，你才蓋 2100 戶社會住宅，新北市是我的故鄉，有多少年輕人有這個需求。 ​ 雖然你出身嘉義，但你不知道南台灣辛苦的真正情況，縣市合併那時我剛接任市長，工作千頭萬緒，我們先從事其他的工作。當時，社會住宅沒有比直接補助要來得好，反而是新北市的條件，遠比台南市當初推動社會住宅時要來得佳。你自己回去看看，在你的任內總共推了多少社會住宅，來照顧新北市的年輕人？ ​ 這場選舉關乎台灣的前途、後代子孫的幸福、民主的延續，以及印太的和平穩定。身為民進黨主席，我深刻反省，光靠民進黨恐怕力有未逮，所以，這次區域及不分區立委的提名，我都秉持民主大聯盟的精神，跨黨派、跨世代、跨領域，邀請優秀的人才，擴大民主的力量，共同承擔守護台灣的使命。 ​ 不分區第一名是靖娟基金會的執行長林月琴女士，借重他的專業，協助政府做好交通安全的工作，避免在人行道斑馬線上，再發生不幸交通意外；不分區男性第一名是黑熊學院的沈伯洋老師，我希望借重他的專業，來對抗假訊息及認知作戰，守護台灣安全，安定社會。 ​ 政治組的第一名是游錫堃院長，他是戒嚴時期民進黨圓山創黨會議的主席，過去他和陳定南在宜蘭縣，為民進黨打下「綠色執政、品質保證」這塊招牌。另外，王義川也是新一代的戰將，不管區域或是不分區名單皆是一時之選，敬請大家全力支持。而國民黨卻是政二代及地方勢力代表，若國民黨重新掌控國會，傾中路線將對台灣造成嚴重衝擊，不僅政府施政會停滯不前，過去的改革也將退回原點。 ​ 未來，我擔任總統，也將秉持「民主大聯盟」的精神，用人唯才、不分黨派，建立清廉、勤政、愛鄉土的政府，建設國家、發展經濟、造福人民，並且積極打擊黑、金、槍、毒、詐、貪腐。我從政近 30 年，不貪不取，乾乾淨淨，對弊案零容忍，該查就查，該辦就辦，該離職就離職，絕不寬貸。 ​ 不分黨派都有好人壞人，不該一竿子打翻一船人，我同意民進黨不完美，有做不夠、做不好，也有做錯的地方，但民進黨會在民意的教訓中，檢討改進。 ​ 侯市長、柯主席，你們喜歡罵民進黨貪腐，你們常常罵的那幾個案子都有結果了，你們應該知道吧？ 超思購蛋案已經調查完畢，只有 2 個人被起訴，一個是 Linbay 好油，民眾黨黃國昌的好朋友，另一個是國民黨的黨工許哲賓，擁有 1000 多個人頭帳戶，證明國民黨中央有養網軍。 ​ 疫苗採購案一共檢舉 62 案，檢調查無實據，已經調查完畢，通通簽結。我認為，高端疫苗契約立法院已經調閱過，監察院也有調查過，程序上我們應該解決，基於社會公益以及人民有知的權利應該公開。至於潛艦國造案，檢方查了幾百條金流，最後也證明清白簽結。反而國民黨的立委馬文君涉外患罪，你們卻同流合汙，無條件捍衛馬文君。 ​ 你們也用 88 槍擊案攻擊台南，用和我無關的事件抹黑我，但開槍和幕後的人都抓到了，都和國民黨有關，國民黨是做賊喊捉賊，其實國際透明組織公布，台灣現在的清廉程度是 27 年來最好，也就是蔡英文政府遠比馬英九政府還要好。反觀國民黨，過去的黑金貪腐紀錄，族繁不及備載，現在仍然子孫滿堂，侯市長，你都有前往助選，你不是和黑金勢不兩立，而是稱兄道弟。 ​ 侯市長跟柯主席，你們剛剛互相吹捧，但侯市長，你在副市長和市長任內，市府被起訴及被偵辦人數破紀錄高達 140 人，你的治安滿意度也都是後段班。這種包袱、這種成績，你怎麼反貪腐，怎麼拚治安？ ​ 柯主席，你為了擴張勢力，各縣市黨部成為黑道、強盜、暴力討債和問題人物的堂口，更挺涉貪的高虹安，也毫無顧忌的和國民黨的牛鬼蛇神擁抱在一起，柯市長，民眾黨才 4 年，怎麼墮落這麼快？ ​ 柯市長過去也常批判郝龍斌政府貪腐，你自己知不知道，在你任內依貪污罪起訴的市府員工多達 108 人，比起郝龍斌市長時代的 102 人還要多，你們還在這裡自我吹捧你們比別人清廉，要你們兩個人來反貪腐是請鬼拿藥單。 ​ 最近，我家的老房子，受到藍白攻擊，也引起社會的關注，其實礦區的房子，牽涉到台灣礦業發展歷史留下來的礦工住宅，以及礦工後代安居的問題，合理地解決才是正道，不是在多年後只做到認定「既存違建，拍照存檔」就當作解決。 因為礦區內的每一間房子都沒有特權，只有滿屋子的辛酸。這些房子都在《區域計畫法》施行前就已經合法存在，礦權廢止後，政府並沒有妥善處理他們的居住權，無法可申請，年久失修，自行修建是很自然的事情。所以這些房子應該是既存建築，和都市計畫內的違建概念不同，應該要獲得合理的解決。 ​ 最近我看到礦區內鄉親，擔心安身立命的房子被視為違建，也擔心被拆除，我感到過意不去。我有責任來協助大家，找出一條道路，保障大家的居住權益。在礦區的居住權獲得保障之後，為了紀念那個年代礦工對台灣經濟的貢獻，我願意把房子交付公益信託，優先做為「礦工生活紀念館」。 ​ 侯市長，你的大群館，現在的凱旋苑，遊走在法律邊緣，竟然申請 99 個門號企圖逃漏稅，還向學生收取高價租金，你卻在這裡大談如何照顧年輕人的居住權，你願不願意把大群館交付公益信託，免費提供給弱勢學生來居住？ ​ 柯市長你投資農地來炒地獲取暴利，將農地闢建為停車場來非法收取租金，你願不願意把這塊農地也交付公益信託，免費提供社區做為公益使用？ ​ 我向來勇敢堅強，不怕艱難，我也是感性的人，常常會被人事物所感動，但是我對國家、土地、人民的信念永遠不會變。 ＃總統候選人電視政見發表會 ＃2號賴清德蕭美琴 ＃選對的人走對的路"	"yes"	"侯, 國民黨, 民眾黨, 柯, 藍白, 馬英九"	" 超思購蛋案已經調查完畢，只有 2 個人被起訴，一個是 Linbay 好油，民眾黨黃國昌的好朋友，另一個是國民黨的黨工許哲賓，擁有 1000 多個人頭帳戶，證明國民黨中央有養網軍"
1429	"chingte"	"【 總統候選人電視政見發表會 第二輪發言 】 ​ 侯友宜市長，你說中華民國是護國神山，這是我以前從來沒聽過的神話，因為這要中華人民共和國接受才有可能，侯市長你認為可能嗎？ ​ 你說政府要開放十萬移工，這是典型假訊息，這個已經澄清過了，很可惜在今天這個場合，你用假訊息來掩蓋你講過歡迎大量中生來台就業，不敢坦然面對。 ​ 我剛不是批判你塭仔圳重劃做得不好，是知道你的「侯康貸」社會普遍反應不佳，不如拿塭仔圳土地 5% 來蓋社會住宅，就可以增加一萬戶以上，400 公頃，你才蓋 2100 戶社會住宅，新北市是我的故鄉，有多少年輕人有這個需求。 ​ 雖然你出身嘉義，但你不知道南台灣辛苦的真正情況，縣市合併那時我剛接任市長，工作千頭萬緒，我們先從事其他的工作。當時，社會住宅沒有比直接補助要來得好，反而是新北市的條件，遠比台南市當初推動社會住宅時要來得佳。你自己回去看看，在你的任內總共推了多少社會住宅，來照顧新北市的年輕人？ ​ 這場選舉關乎台灣的前途、後代子孫的幸福、民主的延續，以及印太的和平穩定。身為民進黨主席，我深刻反省，光靠民進黨恐怕力有未逮，所以，這次區域及不分區立委的提名，我都秉持民主大聯盟的精神，跨黨派、跨世代、跨領域，邀請優秀的人才，擴大民主的力量，共同承擔守護台灣的使命。 ​ 不分區第一名是靖娟基金會的執行長林月琴女士，借重他的專業，協助政府做好交通安全的工作，避免在人行道斑馬線上，再發生不幸交通意外；不分區男性第一名是黑熊學院的沈伯洋老師，我希望借重他的專業，來對抗假訊息及認知作戰，守護台灣安全，安定社會。 ​ 政治組的第一名是游錫堃院長，他是戒嚴時期民進黨圓山創黨會議的主席，過去他和陳定南在宜蘭縣，為民進黨打下「綠色執政、品質保證」這塊招牌。另外，王義川也是新一代的戰將，不管區域或是不分區名單皆是一時之選，敬請大家全力支持。而國民黨卻是政二代及地方勢力代表，若國民黨重新掌控國會，傾中路線將對台灣造成嚴重衝擊，不僅政府施政會停滯不前，過去的改革也將退回原點。 ​ 未來，我擔任總統，也將秉持「民主大聯盟」的精神，用人唯才、不分黨派，建立清廉、勤政、愛鄉土的政府，建設國家、發展經濟、造福人民，並且積極打擊黑、金、槍、毒、詐、貪腐。我從政近 30 年，不貪不取，乾乾淨淨，對弊案零容忍，該查就查，該辦就辦，該離職就離職，絕不寬貸。 ​ 不分黨派都有好人壞人，不該一竿子打翻一船人，我同意民進黨不完美，有做不夠、做不好，也有做錯的地方，但民進黨會在民意的教訓中，檢討改進。 ​ 侯市長、柯主席，你們喜歡罵民進黨貪腐，你們常常罵的那幾個案子都有結果了，你們應該知道吧？ 超思購蛋案已經調查完畢，只有 2 個人被起訴，一個是 Linbay 好油，民眾黨黃國昌的好朋友，另一個是國民黨的黨工許哲賓，擁有 1000 多個人頭帳戶，證明國民黨中央有養網軍。 ​ 疫苗採購案一共檢舉 62 案，檢調查無實據，已經調查完畢，通通簽結。我認為，高端疫苗契約立法院已經調閱過，監察院也有調查過，程序上我們應該解決，基於社會公益以及人民有知的權利應該公開。至於潛艦國造案，檢方查了幾百條金流，最後也證明清白簽結。反而國民黨的立委馬文君涉外患罪，你們卻同流合汙，無條件捍衛馬文君。 ​ 你們也用 88 槍擊案攻擊台南，用和我無關的事件抹黑我，但開槍和幕後的人都抓到了，都和國民黨有關，國民黨是做賊喊捉賊，其實國際透明組織公布，台灣現在的清廉程度是 27 年來最好，也就是蔡英文政府遠比馬英九政府還要好。反觀國民黨，過去的黑金貪腐紀錄，族繁不及備載，現在仍然子孫滿堂，侯市長，你都有前往助選，你不是和黑金勢不兩立，而是稱兄道弟。 ​ 侯市長跟柯主席，你們剛剛互相吹捧，但侯市長，你在副市長和市長任內，市府被起訴及被偵辦人數破紀錄高達 140 人，你的治安滿意度也都是後段班。這種包袱、這種成績，你怎麼反貪腐，怎麼拚治安？ ​ 柯主席，你為了擴張勢力，各縣市黨部成為黑道、強盜、暴力討債和問題人物的堂口，更挺涉貪的高虹安，也毫無顧忌的和國民黨的牛鬼蛇神擁抱在一起，柯市長，民眾黨才 4 年，怎麼墮落這麼快？ ​ 柯市長過去也常批判郝龍斌政府貪腐，你自己知不知道，在你任內依貪污罪起訴的市府員工多達 108 人，比起郝龍斌市長時代的 102 人還要多，你們還在這裡自我吹捧你們比別人清廉，要你們兩個人來反貪腐是請鬼拿藥單。 ​ 最近，我家的老房子，受到藍白攻擊，也引起社會的關注，其實礦區的房子，牽涉到台灣礦業發展歷史留下來的礦工住宅，以及礦工後代安居的問題，合理地解決才是正道，不是在多年後只做到認定「既存違建，拍照存檔」就當作解決。 因為礦區內的每一間房子都沒有特權，只有滿屋子的辛酸。這些房子都在《區域計畫法》施行前就已經合法存在，礦權廢止後，政府並沒有妥善處理他們的居住權，無法可申請，年久失修，自行修建是很自然的事情。所以這些房子應該是既存建築，和都市計畫內的違建概念不同，應該要獲得合理的解決。 ​ 最近我看到礦區內鄉親，擔心安身立命的房子被視為違建，也擔心被拆除，我感到過意不去。我有責任來協助大家，找出一條道路，保障大家的居住權益。在礦區的居住權獲得保障之後，為了紀念那個年代礦工對台灣經濟的貢獻，我願意把房子交付公益信託，優先做為「礦工生活紀念館」。 ​ 侯市長，你的大群館，現在的凱旋苑，遊走在法律邊緣，竟然申請 99 個門號企圖逃漏稅，還向學生收取高價租金，你卻在這裡大談如何照顧年輕人的居住權，你願不願意把大群館交付公益信託，免費提供給弱勢學生來居住？ ​ 柯市長你投資農地來炒地獲取暴利，將農地闢建為停車場來非法收取租金，你願不願意把這塊農地也交付公益信託，免費提供社區做為公益使用？ ​ 我向來勇敢堅強，不怕艱難，我也是感性的人，常常會被人事物所感動，但是我對國家、土地、人民的信念永遠不會變。 ＃總統候選人電視政見發表會 ＃2號賴清德蕭美琴 ＃選對的人走對的路"	"yes"	"侯, 國民黨, 民眾黨, 柯, 藍白, 馬英九"	" ​ 侯市長跟柯主席，你們剛剛互相吹捧，但侯市長，你在副市長和市長任內，市府被起訴及被偵辦人數破紀錄高達 140 人，你的治安滿意度也都是後段班"
1429	"chingte"	"【 總統候選人電視政見發表會 第二輪發言 】 ​ 侯友宜市長，你說中華民國是護國神山，這是我以前從來沒聽過的神話，因為這要中華人民共和國接受才有可能，侯市長你認為可能嗎？ ​ 你說政府要開放十萬移工，這是典型假訊息，這個已經澄清過了，很可惜在今天這個場合，你用假訊息來掩蓋你講過歡迎大量中生來台就業，不敢坦然面對。 ​ 我剛不是批判你塭仔圳重劃做得不好，是知道你的「侯康貸」社會普遍反應不佳，不如拿塭仔圳土地 5% 來蓋社會住宅，就可以增加一萬戶以上，400 公頃，你才蓋 2100 戶社會住宅，新北市是我的故鄉，有多少年輕人有這個需求。 ​ 雖然你出身嘉義，但你不知道南台灣辛苦的真正情況，縣市合併那時我剛接任市長，工作千頭萬緒，我們先從事其他的工作。當時，社會住宅沒有比直接補助要來得好，反而是新北市的條件，遠比台南市當初推動社會住宅時要來得佳。你自己回去看看，在你的任內總共推了多少社會住宅，來照顧新北市的年輕人？ ​ 這場選舉關乎台灣的前途、後代子孫的幸福、民主的延續，以及印太的和平穩定。身為民進黨主席，我深刻反省，光靠民進黨恐怕力有未逮，所以，這次區域及不分區立委的提名，我都秉持民主大聯盟的精神，跨黨派、跨世代、跨領域，邀請優秀的人才，擴大民主的力量，共同承擔守護台灣的使命。 ​ 不分區第一名是靖娟基金會的執行長林月琴女士，借重他的專業，協助政府做好交通安全的工作，避免在人行道斑馬線上，再發生不幸交通意外；不分區男性第一名是黑熊學院的沈伯洋老師，我希望借重他的專業，來對抗假訊息及認知作戰，守護台灣安全，安定社會。 ​ 政治組的第一名是游錫堃院長，他是戒嚴時期民進黨圓山創黨會議的主席，過去他和陳定南在宜蘭縣，為民進黨打下「綠色執政、品質保證」這塊招牌。另外，王義川也是新一代的戰將，不管區域或是不分區名單皆是一時之選，敬請大家全力支持。而國民黨卻是政二代及地方勢力代表，若國民黨重新掌控國會，傾中路線將對台灣造成嚴重衝擊，不僅政府施政會停滯不前，過去的改革也將退回原點。 ​ 未來，我擔任總統，也將秉持「民主大聯盟」的精神，用人唯才、不分黨派，建立清廉、勤政、愛鄉土的政府，建設國家、發展經濟、造福人民，並且積極打擊黑、金、槍、毒、詐、貪腐。我從政近 30 年，不貪不取，乾乾淨淨，對弊案零容忍，該查就查，該辦就辦，該離職就離職，絕不寬貸。 ​ 不分黨派都有好人壞人，不該一竿子打翻一船人，我同意民進黨不完美，有做不夠、做不好，也有做錯的地方，但民進黨會在民意的教訓中，檢討改進。 ​ 侯市長、柯主席，你們喜歡罵民進黨貪腐，你們常常罵的那幾個案子都有結果了，你們應該知道吧？ 超思購蛋案已經調查完畢，只有 2 個人被起訴，一個是 Linbay 好油，民眾黨黃國昌的好朋友，另一個是國民黨的黨工許哲賓，擁有 1000 多個人頭帳戶，證明國民黨中央有養網軍。 ​ 疫苗採購案一共檢舉 62 案，檢調查無實據，已經調查完畢，通通簽結。我認為，高端疫苗契約立法院已經調閱過，監察院也有調查過，程序上我們應該解決，基於社會公益以及人民有知的權利應該公開。至於潛艦國造案，檢方查了幾百條金流，最後也證明清白簽結。反而國民黨的立委馬文君涉外患罪，你們卻同流合汙，無條件捍衛馬文君。 ​ 你們也用 88 槍擊案攻擊台南，用和我無關的事件抹黑我，但開槍和幕後的人都抓到了，都和國民黨有關，國民黨是做賊喊捉賊，其實國際透明組織公布，台灣現在的清廉程度是 27 年來最好，也就是蔡英文政府遠比馬英九政府還要好。反觀國民黨，過去的黑金貪腐紀錄，族繁不及備載，現在仍然子孫滿堂，侯市長，你都有前往助選，你不是和黑金勢不兩立，而是稱兄道弟。 ​ 侯市長跟柯主席，你們剛剛互相吹捧，但侯市長，你在副市長和市長任內，市府被起訴及被偵辦人數破紀錄高達 140 人，你的治安滿意度也都是後段班。這種包袱、這種成績，你怎麼反貪腐，怎麼拚治安？ ​ 柯主席，你為了擴張勢力，各縣市黨部成為黑道、強盜、暴力討債和問題人物的堂口，更挺涉貪的高虹安，也毫無顧忌的和國民黨的牛鬼蛇神擁抱在一起，柯市長，民眾黨才 4 年，怎麼墮落這麼快？ ​ 柯市長過去也常批判郝龍斌政府貪腐，你自己知不知道，在你任內依貪污罪起訴的市府員工多達 108 人，比起郝龍斌市長時代的 102 人還要多，你們還在這裡自我吹捧你們比別人清廉，要你們兩個人來反貪腐是請鬼拿藥單。 ​ 最近，我家的老房子，受到藍白攻擊，也引起社會的關注，其實礦區的房子，牽涉到台灣礦業發展歷史留下來的礦工住宅，以及礦工後代安居的問題，合理地解決才是正道，不是在多年後只做到認定「既存違建，拍照存檔」就當作解決。 因為礦區內的每一間房子都沒有特權，只有滿屋子的辛酸。這些房子都在《區域計畫法》施行前就已經合法存在，礦權廢止後，政府並沒有妥善處理他們的居住權，無法可申請，年久失修，自行修建是很自然的事情。所以這些房子應該是既存建築，和都市計畫內的違建概念不同，應該要獲得合理的解決。 ​ 最近我看到礦區內鄉親，擔心安身立命的房子被視為違建，也擔心被拆除，我感到過意不去。我有責任來協助大家，找出一條道路，保障大家的居住權益。在礦區的居住權獲得保障之後，為了紀念那個年代礦工對台灣經濟的貢獻，我願意把房子交付公益信託，優先做為「礦工生活紀念館」。 ​ 侯市長，你的大群館，現在的凱旋苑，遊走在法律邊緣，竟然申請 99 個門號企圖逃漏稅，還向學生收取高價租金，你卻在這裡大談如何照顧年輕人的居住權，你願不願意把大群館交付公益信託，免費提供給弱勢學生來居住？ ​ 柯市長你投資農地來炒地獲取暴利，將農地闢建為停車場來非法收取租金，你願不願意把這塊農地也交付公益信託，免費提供社區做為公益使用？ ​ 我向來勇敢堅強，不怕艱難，我也是感性的人，常常會被人事物所感動，但是我對國家、土地、人民的信念永遠不會變。 ＃總統候選人電視政見發表會 ＃2號賴清德蕭美琴 ＃選對的人走對的路"	"yes"	"侯, 國民黨, 民眾黨, 柯, 藍白, 馬英九"	" ​ 柯主席，你為了擴張勢力，各縣市黨部成為黑道、強盜、暴力討債和問題人物的堂口，更挺涉貪的高虹安，也毫無顧忌的和國民黨的牛鬼蛇神擁抱在一起，柯市長，民眾黨才 4 年，怎麼墮落這麼快"
1429	"chingte"	"【 總統候選人電視政見發表會 第二輪發言 】 ​ 侯友宜市長，你說中華民國是護國神山，這是我以前從來沒聽過的神話，因為這要中華人民共和國接受才有可能，侯市長你認為可能嗎？ ​ 你說政府要開放十萬移工，這是典型假訊息，這個已經澄清過了，很可惜在今天這個場合，你用假訊息來掩蓋你講過歡迎大量中生來台就業，不敢坦然面對。 ​ 我剛不是批判你塭仔圳重劃做得不好，是知道你的「侯康貸」社會普遍反應不佳，不如拿塭仔圳土地 5% 來蓋社會住宅，就可以增加一萬戶以上，400 公頃，你才蓋 2100 戶社會住宅，新北市是我的故鄉，有多少年輕人有這個需求。 ​ 雖然你出身嘉義，但你不知道南台灣辛苦的真正情況，縣市合併那時我剛接任市長，工作千頭萬緒，我們先從事其他的工作。當時，社會住宅沒有比直接補助要來得好，反而是新北市的條件，遠比台南市當初推動社會住宅時要來得佳。你自己回去看看，在你的任內總共推了多少社會住宅，來照顧新北市的年輕人？ ​ 這場選舉關乎台灣的前途、後代子孫的幸福、民主的延續，以及印太的和平穩定。身為民進黨主席，我深刻反省，光靠民進黨恐怕力有未逮，所以，這次區域及不分區立委的提名，我都秉持民主大聯盟的精神，跨黨派、跨世代、跨領域，邀請優秀的人才，擴大民主的力量，共同承擔守護台灣的使命。 ​ 不分區第一名是靖娟基金會的執行長林月琴女士，借重他的專業，協助政府做好交通安全的工作，避免在人行道斑馬線上，再發生不幸交通意外；不分區男性第一名是黑熊學院的沈伯洋老師，我希望借重他的專業，來對抗假訊息及認知作戰，守護台灣安全，安定社會。 ​ 政治組的第一名是游錫堃院長，他是戒嚴時期民進黨圓山創黨會議的主席，過去他和陳定南在宜蘭縣，為民進黨打下「綠色執政、品質保證」這塊招牌。另外，王義川也是新一代的戰將，不管區域或是不分區名單皆是一時之選，敬請大家全力支持。而國民黨卻是政二代及地方勢力代表，若國民黨重新掌控國會，傾中路線將對台灣造成嚴重衝擊，不僅政府施政會停滯不前，過去的改革也將退回原點。 ​ 未來，我擔任總統，也將秉持「民主大聯盟」的精神，用人唯才、不分黨派，建立清廉、勤政、愛鄉土的政府，建設國家、發展經濟、造福人民，並且積極打擊黑、金、槍、毒、詐、貪腐。我從政近 30 年，不貪不取，乾乾淨淨，對弊案零容忍，該查就查，該辦就辦，該離職就離職，絕不寬貸。 ​ 不分黨派都有好人壞人，不該一竿子打翻一船人，我同意民進黨不完美，有做不夠、做不好，也有做錯的地方，但民進黨會在民意的教訓中，檢討改進。 ​ 侯市長、柯主席，你們喜歡罵民進黨貪腐，你們常常罵的那幾個案子都有結果了，你們應該知道吧？ 超思購蛋案已經調查完畢，只有 2 個人被起訴，一個是 Linbay 好油，民眾黨黃國昌的好朋友，另一個是國民黨的黨工許哲賓，擁有 1000 多個人頭帳戶，證明國民黨中央有養網軍。 ​ 疫苗採購案一共檢舉 62 案，檢調查無實據，已經調查完畢，通通簽結。我認為，高端疫苗契約立法院已經調閱過，監察院也有調查過，程序上我們應該解決，基於社會公益以及人民有知的權利應該公開。至於潛艦國造案，檢方查了幾百條金流，最後也證明清白簽結。反而國民黨的立委馬文君涉外患罪，你們卻同流合汙，無條件捍衛馬文君。 ​ 你們也用 88 槍擊案攻擊台南，用和我無關的事件抹黑我，但開槍和幕後的人都抓到了，都和國民黨有關，國民黨是做賊喊捉賊，其實國際透明組織公布，台灣現在的清廉程度是 27 年來最好，也就是蔡英文政府遠比馬英九政府還要好。反觀國民黨，過去的黑金貪腐紀錄，族繁不及備載，現在仍然子孫滿堂，侯市長，你都有前往助選，你不是和黑金勢不兩立，而是稱兄道弟。 ​ 侯市長跟柯主席，你們剛剛互相吹捧，但侯市長，你在副市長和市長任內，市府被起訴及被偵辦人數破紀錄高達 140 人，你的治安滿意度也都是後段班。這種包袱、這種成績，你怎麼反貪腐，怎麼拚治安？ ​ 柯主席，你為了擴張勢力，各縣市黨部成為黑道、強盜、暴力討債和問題人物的堂口，更挺涉貪的高虹安，也毫無顧忌的和國民黨的牛鬼蛇神擁抱在一起，柯市長，民眾黨才 4 年，怎麼墮落這麼快？ ​ 柯市長過去也常批判郝龍斌政府貪腐，你自己知不知道，在你任內依貪污罪起訴的市府員工多達 108 人，比起郝龍斌市長時代的 102 人還要多，你們還在這裡自我吹捧你們比別人清廉，要你們兩個人來反貪腐是請鬼拿藥單。 ​ 最近，我家的老房子，受到藍白攻擊，也引起社會的關注，其實礦區的房子，牽涉到台灣礦業發展歷史留下來的礦工住宅，以及礦工後代安居的問題，合理地解決才是正道，不是在多年後只做到認定「既存違建，拍照存檔」就當作解決。 因為礦區內的每一間房子都沒有特權，只有滿屋子的辛酸。這些房子都在《區域計畫法》施行前就已經合法存在，礦權廢止後，政府並沒有妥善處理他們的居住權，無法可申請，年久失修，自行修建是很自然的事情。所以這些房子應該是既存建築，和都市計畫內的違建概念不同，應該要獲得合理的解決。 ​ 最近我看到礦區內鄉親，擔心安身立命的房子被視為違建，也擔心被拆除，我感到過意不去。我有責任來協助大家，找出一條道路，保障大家的居住權益。在礦區的居住權獲得保障之後，為了紀念那個年代礦工對台灣經濟的貢獻，我願意把房子交付公益信託，優先做為「礦工生活紀念館」。 ​ 侯市長，你的大群館，現在的凱旋苑，遊走在法律邊緣，竟然申請 99 個門號企圖逃漏稅，還向學生收取高價租金，你卻在這裡大談如何照顧年輕人的居住權，你願不願意把大群館交付公益信託，免費提供給弱勢學生來居住？ ​ 柯市長你投資農地來炒地獲取暴利，將農地闢建為停車場來非法收取租金，你願不願意把這塊農地也交付公益信託，免費提供社區做為公益使用？ ​ 我向來勇敢堅強，不怕艱難，我也是感性的人，常常會被人事物所感動，但是我對國家、土地、人民的信念永遠不會變。 ＃總統候選人電視政見發表會 ＃2號賴清德蕭美琴 ＃選對的人走對的路"	"yes"	"侯, 國民黨, 民眾黨, 柯, 藍白, 馬英九"	" ​ 柯市長過去也常批判郝龍斌政府貪腐，你自己知不知道，在你任內依貪污罪起訴的市府員工多達 108 人，比起郝龍斌市長時代的 102 人還要多，你們還在這裡自我吹捧你們比別人清廉，要你們兩個人來反貪腐是請鬼拿藥單"
1429	"chingte"	"【 總統候選人電視政見發表會 第二輪發言 】 ​ 侯友宜市長，你說中華民國是護國神山，這是我以前從來沒聽過的神話，因為這要中華人民共和國接受才有可能，侯市長你認為可能嗎？ ​ 你說政府要開放十萬移工，這是典型假訊息，這個已經澄清過了，很可惜在今天這個場合，你用假訊息來掩蓋你講過歡迎大量中生來台就業，不敢坦然面對。 ​ 我剛不是批判你塭仔圳重劃做得不好，是知道你的「侯康貸」社會普遍反應不佳，不如拿塭仔圳土地 5% 來蓋社會住宅，就可以增加一萬戶以上，400 公頃，你才蓋 2100 戶社會住宅，新北市是我的故鄉，有多少年輕人有這個需求。 ​ 雖然你出身嘉義，但你不知道南台灣辛苦的真正情況，縣市合併那時我剛接任市長，工作千頭萬緒，我們先從事其他的工作。當時，社會住宅沒有比直接補助要來得好，反而是新北市的條件，遠比台南市當初推動社會住宅時要來得佳。你自己回去看看，在你的任內總共推了多少社會住宅，來照顧新北市的年輕人？ ​ 這場選舉關乎台灣的前途、後代子孫的幸福、民主的延續，以及印太的和平穩定。身為民進黨主席，我深刻反省，光靠民進黨恐怕力有未逮，所以，這次區域及不分區立委的提名，我都秉持民主大聯盟的精神，跨黨派、跨世代、跨領域，邀請優秀的人才，擴大民主的力量，共同承擔守護台灣的使命。 ​ 不分區第一名是靖娟基金會的執行長林月琴女士，借重他的專業，協助政府做好交通安全的工作，避免在人行道斑馬線上，再發生不幸交通意外；不分區男性第一名是黑熊學院的沈伯洋老師，我希望借重他的專業，來對抗假訊息及認知作戰，守護台灣安全，安定社會。 ​ 政治組的第一名是游錫堃院長，他是戒嚴時期民進黨圓山創黨會議的主席，過去他和陳定南在宜蘭縣，為民進黨打下「綠色執政、品質保證」這塊招牌。另外，王義川也是新一代的戰將，不管區域或是不分區名單皆是一時之選，敬請大家全力支持。而國民黨卻是政二代及地方勢力代表，若國民黨重新掌控國會，傾中路線將對台灣造成嚴重衝擊，不僅政府施政會停滯不前，過去的改革也將退回原點。 ​ 未來，我擔任總統，也將秉持「民主大聯盟」的精神，用人唯才、不分黨派，建立清廉、勤政、愛鄉土的政府，建設國家、發展經濟、造福人民，並且積極打擊黑、金、槍、毒、詐、貪腐。我從政近 30 年，不貪不取，乾乾淨淨，對弊案零容忍，該查就查，該辦就辦，該離職就離職，絕不寬貸。 ​ 不分黨派都有好人壞人，不該一竿子打翻一船人，我同意民進黨不完美，有做不夠、做不好，也有做錯的地方，但民進黨會在民意的教訓中，檢討改進。 ​ 侯市長、柯主席，你們喜歡罵民進黨貪腐，你們常常罵的那幾個案子都有結果了，你們應該知道吧？ 超思購蛋案已經調查完畢，只有 2 個人被起訴，一個是 Linbay 好油，民眾黨黃國昌的好朋友，另一個是國民黨的黨工許哲賓，擁有 1000 多個人頭帳戶，證明國民黨中央有養網軍。 ​ 疫苗採購案一共檢舉 62 案，檢調查無實據，已經調查完畢，通通簽結。我認為，高端疫苗契約立法院已經調閱過，監察院也有調查過，程序上我們應該解決，基於社會公益以及人民有知的權利應該公開。至於潛艦國造案，檢方查了幾百條金流，最後也證明清白簽結。反而國民黨的立委馬文君涉外患罪，你們卻同流合汙，無條件捍衛馬文君。 ​ 你們也用 88 槍擊案攻擊台南，用和我無關的事件抹黑我，但開槍和幕後的人都抓到了，都和國民黨有關，國民黨是做賊喊捉賊，其實國際透明組織公布，台灣現在的清廉程度是 27 年來最好，也就是蔡英文政府遠比馬英九政府還要好。反觀國民黨，過去的黑金貪腐紀錄，族繁不及備載，現在仍然子孫滿堂，侯市長，你都有前往助選，你不是和黑金勢不兩立，而是稱兄道弟。 ​ 侯市長跟柯主席，你們剛剛互相吹捧，但侯市長，你在副市長和市長任內，市府被起訴及被偵辦人數破紀錄高達 140 人，你的治安滿意度也都是後段班。這種包袱、這種成績，你怎麼反貪腐，怎麼拚治安？ ​ 柯主席，你為了擴張勢力，各縣市黨部成為黑道、強盜、暴力討債和問題人物的堂口，更挺涉貪的高虹安，也毫無顧忌的和國民黨的牛鬼蛇神擁抱在一起，柯市長，民眾黨才 4 年，怎麼墮落這麼快？ ​ 柯市長過去也常批判郝龍斌政府貪腐，你自己知不知道，在你任內依貪污罪起訴的市府員工多達 108 人，比起郝龍斌市長時代的 102 人還要多，你們還在這裡自我吹捧你們比別人清廉，要你們兩個人來反貪腐是請鬼拿藥單。 ​ 最近，我家的老房子，受到藍白攻擊，也引起社會的關注，其實礦區的房子，牽涉到台灣礦業發展歷史留下來的礦工住宅，以及礦工後代安居的問題，合理地解決才是正道，不是在多年後只做到認定「既存違建，拍照存檔」就當作解決。 因為礦區內的每一間房子都沒有特權，只有滿屋子的辛酸。這些房子都在《區域計畫法》施行前就已經合法存在，礦權廢止後，政府並沒有妥善處理他們的居住權，無法可申請，年久失修，自行修建是很自然的事情。所以這些房子應該是既存建築，和都市計畫內的違建概念不同，應該要獲得合理的解決。 ​ 最近我看到礦區內鄉親，擔心安身立命的房子被視為違建，也擔心被拆除，我感到過意不去。我有責任來協助大家，找出一條道路，保障大家的居住權益。在礦區的居住權獲得保障之後，為了紀念那個年代礦工對台灣經濟的貢獻，我願意把房子交付公益信託，優先做為「礦工生活紀念館」。 ​ 侯市長，你的大群館，現在的凱旋苑，遊走在法律邊緣，竟然申請 99 個門號企圖逃漏稅，還向學生收取高價租金，你卻在這裡大談如何照顧年輕人的居住權，你願不願意把大群館交付公益信託，免費提供給弱勢學生來居住？ ​ 柯市長你投資農地來炒地獲取暴利，將農地闢建為停車場來非法收取租金，你願不願意把這塊農地也交付公益信託，免費提供社區做為公益使用？ ​ 我向來勇敢堅強，不怕艱難，我也是感性的人，常常會被人事物所感動，但是我對國家、土地、人民的信念永遠不會變。 ＃總統候選人電視政見發表會 ＃2號賴清德蕭美琴 ＃選對的人走對的路"	"yes"	"侯, 國民黨, 民眾黨, 柯, 藍白, 馬英九"	" ​ 最近，我家的老房子，受到藍白攻擊，也引起社會的關注，其實礦區的房子，牽涉到台灣礦業發展歷史留下來的礦工住宅，以及礦工後代安居的問題，合理地解決才是正道，不是在多年後只做到認定「既存違建，拍照存檔」就當作解決"
1429	"chingte"	"【 總統候選人電視政見發表會 第二輪發言 】 ​ 侯友宜市長，你說中華民國是護國神山，這是我以前從來沒聽過的神話，因為這要中華人民共和國接受才有可能，侯市長你認為可能嗎？ ​ 你說政府要開放十萬移工，這是典型假訊息，這個已經澄清過了，很可惜在今天這個場合，你用假訊息來掩蓋你講過歡迎大量中生來台就業，不敢坦然面對。 ​ 我剛不是批判你塭仔圳重劃做得不好，是知道你的「侯康貸」社會普遍反應不佳，不如拿塭仔圳土地 5% 來蓋社會住宅，就可以增加一萬戶以上，400 公頃，你才蓋 2100 戶社會住宅，新北市是我的故鄉，有多少年輕人有這個需求。 ​ 雖然你出身嘉義，但你不知道南台灣辛苦的真正情況，縣市合併那時我剛接任市長，工作千頭萬緒，我們先從事其他的工作。當時，社會住宅沒有比直接補助要來得好，反而是新北市的條件，遠比台南市當初推動社會住宅時要來得佳。你自己回去看看，在你的任內總共推了多少社會住宅，來照顧新北市的年輕人？ ​ 這場選舉關乎台灣的前途、後代子孫的幸福、民主的延續，以及印太的和平穩定。身為民進黨主席，我深刻反省，光靠民進黨恐怕力有未逮，所以，這次區域及不分區立委的提名，我都秉持民主大聯盟的精神，跨黨派、跨世代、跨領域，邀請優秀的人才，擴大民主的力量，共同承擔守護台灣的使命。 ​ 不分區第一名是靖娟基金會的執行長林月琴女士，借重他的專業，協助政府做好交通安全的工作，避免在人行道斑馬線上，再發生不幸交通意外；不分區男性第一名是黑熊學院的沈伯洋老師，我希望借重他的專業，來對抗假訊息及認知作戰，守護台灣安全，安定社會。 ​ 政治組的第一名是游錫堃院長，他是戒嚴時期民進黨圓山創黨會議的主席，過去他和陳定南在宜蘭縣，為民進黨打下「綠色執政、品質保證」這塊招牌。另外，王義川也是新一代的戰將，不管區域或是不分區名單皆是一時之選，敬請大家全力支持。而國民黨卻是政二代及地方勢力代表，若國民黨重新掌控國會，傾中路線將對台灣造成嚴重衝擊，不僅政府施政會停滯不前，過去的改革也將退回原點。 ​ 未來，我擔任總統，也將秉持「民主大聯盟」的精神，用人唯才、不分黨派，建立清廉、勤政、愛鄉土的政府，建設國家、發展經濟、造福人民，並且積極打擊黑、金、槍、毒、詐、貪腐。我從政近 30 年，不貪不取，乾乾淨淨，對弊案零容忍，該查就查，該辦就辦，該離職就離職，絕不寬貸。 ​ 不分黨派都有好人壞人，不該一竿子打翻一船人，我同意民進黨不完美，有做不夠、做不好，也有做錯的地方，但民進黨會在民意的教訓中，檢討改進。 ​ 侯市長、柯主席，你們喜歡罵民進黨貪腐，你們常常罵的那幾個案子都有結果了，你們應該知道吧？ 超思購蛋案已經調查完畢，只有 2 個人被起訴，一個是 Linbay 好油，民眾黨黃國昌的好朋友，另一個是國民黨的黨工許哲賓，擁有 1000 多個人頭帳戶，證明國民黨中央有養網軍。 ​ 疫苗採購案一共檢舉 62 案，檢調查無實據，已經調查完畢，通通簽結。我認為，高端疫苗契約立法院已經調閱過，監察院也有調查過，程序上我們應該解決，基於社會公益以及人民有知的權利應該公開。至於潛艦國造案，檢方查了幾百條金流，最後也證明清白簽結。反而國民黨的立委馬文君涉外患罪，你們卻同流合汙，無條件捍衛馬文君。 ​ 你們也用 88 槍擊案攻擊台南，用和我無關的事件抹黑我，但開槍和幕後的人都抓到了，都和國民黨有關，國民黨是做賊喊捉賊，其實國際透明組織公布，台灣現在的清廉程度是 27 年來最好，也就是蔡英文政府遠比馬英九政府還要好。反觀國民黨，過去的黑金貪腐紀錄，族繁不及備載，現在仍然子孫滿堂，侯市長，你都有前往助選，你不是和黑金勢不兩立，而是稱兄道弟。 ​ 侯市長跟柯主席，你們剛剛互相吹捧，但侯市長，你在副市長和市長任內，市府被起訴及被偵辦人數破紀錄高達 140 人，你的治安滿意度也都是後段班。這種包袱、這種成績，你怎麼反貪腐，怎麼拚治安？ ​ 柯主席，你為了擴張勢力，各縣市黨部成為黑道、強盜、暴力討債和問題人物的堂口，更挺涉貪的高虹安，也毫無顧忌的和國民黨的牛鬼蛇神擁抱在一起，柯市長，民眾黨才 4 年，怎麼墮落這麼快？ ​ 柯市長過去也常批判郝龍斌政府貪腐，你自己知不知道，在你任內依貪污罪起訴的市府員工多達 108 人，比起郝龍斌市長時代的 102 人還要多，你們還在這裡自我吹捧你們比別人清廉，要你們兩個人來反貪腐是請鬼拿藥單。 ​ 最近，我家的老房子，受到藍白攻擊，也引起社會的關注，其實礦區的房子，牽涉到台灣礦業發展歷史留下來的礦工住宅，以及礦工後代安居的問題，合理地解決才是正道，不是在多年後只做到認定「既存違建，拍照存檔」就當作解決。 因為礦區內的每一間房子都沒有特權，只有滿屋子的辛酸。這些房子都在《區域計畫法》施行前就已經合法存在，礦權廢止後，政府並沒有妥善處理他們的居住權，無法可申請，年久失修，自行修建是很自然的事情。所以這些房子應該是既存建築，和都市計畫內的違建概念不同，應該要獲得合理的解決。 ​ 最近我看到礦區內鄉親，擔心安身立命的房子被視為違建，也擔心被拆除，我感到過意不去。我有責任來協助大家，找出一條道路，保障大家的居住權益。在礦區的居住權獲得保障之後，為了紀念那個年代礦工對台灣經濟的貢獻，我願意把房子交付公益信託，優先做為「礦工生活紀念館」。 ​ 侯市長，你的大群館，現在的凱旋苑，遊走在法律邊緣，竟然申請 99 個門號企圖逃漏稅，還向學生收取高價租金，你卻在這裡大談如何照顧年輕人的居住權，你願不願意把大群館交付公益信託，免費提供給弱勢學生來居住？ ​ 柯市長你投資農地來炒地獲取暴利，將農地闢建為停車場來非法收取租金，你願不願意把這塊農地也交付公益信託，免費提供社區做為公益使用？ ​ 我向來勇敢堅強，不怕艱難，我也是感性的人，常常會被人事物所感動，但是我對國家、土地、人民的信念永遠不會變。 ＃總統候選人電視政見發表會 ＃2號賴清德蕭美琴 ＃選對的人走對的路"	"yes"	"侯, 國民黨, 民眾黨, 柯, 藍白, 馬英九"	" ​ 柯市長你投資農地來炒地獲取暴利，將農地闢建為停車場來非法收取租金，你願不願意把這塊農地也交付公益信託，免費提供社區做為公益使用"
1430	"chingte"	"【 總統候選人電視政見發表會 第三輪發言 】 ​ 每個黨派都有好有壞，不該一竿子打翻一船人，如果侯市長要點名批判任何一個組織，應該要有具體的事實。 ​ 當你在談能源政策的時候，應該要先回答幾個問題。 ​ 第一，你為什麼當市長的時候，反對核一核二延役，結果你現在要選總統，不僅核一核二延役，連核三都要延役，核四還要重啟，請向大家說明清楚。 ​ 第二，如果國民黨這麼清廉，那你應該說明一下，為何雲林縣議會議長會涉及綠能收賄案，而且這個是有檢察官偵查在案的。 ​ 另外，柯主席喜歡談財政紀律，他提到他還了 570 億，但他應該看看，他八年 570 億，集中在其中某一年，不像台南市是平均分配，用制度面來做到財政紀律。你也可以看看，你做了哪些建設、我做了哪些建設，我花了多少錢，台南市的財政我卻仍有辦法還到 200 億之多，而且留下了許多經費給後續的市長使用。 ​ 中央在蔡總統的領導之下，已經還了 9000 億新台幣了，即便是特別預算也要受《預算法》的規範，我們以債務比例來看的話，馬前總統交給蔡政府的時候是 32％-33%，現在才 26 % - 27 %，我們整個總債務佔 GDP 來看，包括特別預算在內，其實都比馬英九前總統的時代要來得好。 ​ 如果柯主席了解你在台北市所做的建設，然後再看看你有沒有使用八個基金，同時為什麼集中在一年，你就可以知道，你真正的還債並不踏實，千萬不要再說，你是最重視財政紀律的。 ​ 明年大選，是進步或退步的選擇，也是信賴台灣或是依賴中國的選擇，更是民主或專制的選擇，關係重大，因此，我邀請蕭美琴大使搭檔參選。 ​ 賴蕭配具有三層重大意義，第一，對國家都有使命感；第二，代表信賴台灣的國家方向；第三，美德雙全、穩健向前。 ​ 侯市長，趙少康先生說，他把副總統當成總統在選。他提出的政見，侯市長也照單全收，他說你願意把總統權責分享給他，就連執政後民眾黨可以入閣，也是由他宣布。我們看不懂究竟誰才是總統候選人？民眾無法接受，副總統破壞憲政體制，架空傀儡總統，我也要提醒你，總統是不可能有褓姆的。 侯市長我想問你，美中台的一三六是指什麼？柯主席，你主張內閣制，應該知道內閣制的國家是虛位元首，也沒有副總統，你為什麼說副總統要監督總統，你若當選總統要凍結考監兩院，又要去立法院備詢不是諮詢，這些都是在擴充總統職權，這個都跟你主張的內閣制背道而馳，特別是藍白合的過程可以看得出來，所謂聯合政府不是為了國家，其實是為了政黨的利益。 ​ 目前各種民調都看得出來，希望哪一個政黨執政，民進黨贏得最多數民眾支持，30 ％ 以上，贊成國民黨重返執政的是二十幾％，希望民眾黨執政的才十幾％，同樣的角度來看，反對國民黨重返執政的高達 7、8 成，反對民眾黨執政高達 9 成。所以，藍白合可以證明，聯合政府是建立在虛空的基礎之上以外，也證明只不過是聯合次要敵人，打擊主要敵人。 ​ 另外，中國公然介選，進行戰爭與和平的大外宣，企圖用戰爭恐嚇台灣人民，扶植親中政權。但大家想想，中國發動戰爭早在 1949 年古寧頭戰役、1959 年八二三砲戰就已經發生，這都是在民進黨成立之前，也是在我們三人出生之前。 換句話說，中國要併吞台灣，是他們的國家政策，爭取世界霸權，不是哪個政黨或哪個人有什麼主張所引起，也不是你們全盤接受中國的主張就有辦法阻止，中國在聯合次要敵人、打擊主要敵人，兔死狗烹、殷鑑不遠，不要傻傻地跟著中國定義台獨，也不要跟著中國一直檢討受害的台灣。 ​ 侯市長、柯主席，在中國的眼中，我們三人站在這裡參選總統，通通都是台獨，你們接不接受？如果你們接受這就是台獨，難不成你們是在選特首？ ​ 侯市長，中國片面公布台灣構成貿易壁壘，原本是在明年才要完成調查，現在提前在國民黨夏立言副主席到訪中國隔天就宣布，我要請問你，這是不是公然介選？你願不願意公布夏立言此行見了什麼人、說了什麼話？你們有沒有裡應外合？不要又說別人在抹紅。 ​ 柯主席，你怎麼會跟國民黨簽六點協議，背後有沒有受到威脅利誘？你為什麼事後又反悔？不但你自己哭了，全家人也都跟著哭了。社會擔心，你簽錯政黨協議只是全家哭，如果你擔任總統和中國簽錯協議，是全國人民都要哭，你願意說明嗎？ ​ 國家應該走對的路，我要請大家回顧一下，如果八年前是其他路線贏得選舉，那經過八年來的國內外挑戰，台灣會變成什麼樣子？ ​ 當美中貿易戰突然來臨，台灣如果有和中國簽訂服貿和貨貿，那我們的企業會不會被制裁？但，好險沒有，我們現在驕傲地擁抱世界。未來，我更會讓台灣的產業，在民主世界供應鏈中站穩腳步。 ​ 當疫情無預警爆發，我們對兩岸的人流、物流毫無防備，那台灣的疫情會多嚴重？經濟又會受到多大的衝擊？但，好險沒有，我們成功阻絕疫情的擴散，更創下良好的經濟成長；未來，我會打造健康台灣，更會讓所有人，可以分到經濟成長的果實。 ​ 更不用提同婚可能還在爭執、社會安全網會沒什麼成績，也不可能會有勇鷹新式高教機和海鯤軍艦。 ​ 但，好險，這些可怕的如果，通通都沒有發生。 ​ 因為八年前我們選對的人，走對的路，八年來台灣確實有很多改變。也許民進黨做得不夠好、做得不夠周全，但民進黨會檢討改進，我要感謝台灣人民給我們機會。我們沒有威權基因，也不是一人政黨，我們很清楚，權力越大、責任越大。 ​ 下一個政府該做的，不是把這些改革推翻，回到九二共識、回到薪資成長停滯、沒有老幼照顧、沒有社會住宅、沒有婚姻平權的三十年前。 ​ 下一任政府該做的，是要把這些政策好好推下去。不夠完善的，我們把問題填補起來；起步凌亂的，我們找出決策來改革。 ​ 各位鄉親，1 月 13 日，我們一定要出來投票，總統副總統請支持 2 號賴清德蕭美琴，區域立委支持民進黨推薦的候選人，政黨票支持 6 號民進黨。"	"yes"	"侯, 國民黨, 民眾黨, 柯, 藍白, 馬前總統, 馬英九, 趙"	" ​ 另外，柯主席喜歡談財政紀律，他提到他還了 570 億，但他應該看看，他八年 570 億，集中在其中某一年，不像台南市是平均分配，用制度面來做到財政紀律"
1430	"chingte"	"【 總統候選人電視政見發表會 第三輪發言 】 ​ 每個黨派都有好有壞，不該一竿子打翻一船人，如果侯市長要點名批判任何一個組織，應該要有具體的事實。 ​ 當你在談能源政策的時候，應該要先回答幾個問題。 ​ 第一，你為什麼當市長的時候，反對核一核二延役，結果你現在要選總統，不僅核一核二延役，連核三都要延役，核四還要重啟，請向大家說明清楚。 ​ 第二，如果國民黨這麼清廉，那你應該說明一下，為何雲林縣議會議長會涉及綠能收賄案，而且這個是有檢察官偵查在案的。 ​ 另外，柯主席喜歡談財政紀律，他提到他還了 570 億，但他應該看看，他八年 570 億，集中在其中某一年，不像台南市是平均分配，用制度面來做到財政紀律。你也可以看看，你做了哪些建設、我做了哪些建設，我花了多少錢，台南市的財政我卻仍有辦法還到 200 億之多，而且留下了許多經費給後續的市長使用。 ​ 中央在蔡總統的領導之下，已經還了 9000 億新台幣了，即便是特別預算也要受《預算法》的規範，我們以債務比例來看的話，馬前總統交給蔡政府的時候是 32％-33%，現在才 26 % - 27 %，我們整個總債務佔 GDP 來看，包括特別預算在內，其實都比馬英九前總統的時代要來得好。 ​ 如果柯主席了解你在台北市所做的建設，然後再看看你有沒有使用八個基金，同時為什麼集中在一年，你就可以知道，你真正的還債並不踏實，千萬不要再說，你是最重視財政紀律的。 ​ 明年大選，是進步或退步的選擇，也是信賴台灣或是依賴中國的選擇，更是民主或專制的選擇，關係重大，因此，我邀請蕭美琴大使搭檔參選。 ​ 賴蕭配具有三層重大意義，第一，對國家都有使命感；第二，代表信賴台灣的國家方向；第三，美德雙全、穩健向前。 ​ 侯市長，趙少康先生說，他把副總統當成總統在選。他提出的政見，侯市長也照單全收，他說你願意把總統權責分享給他，就連執政後民眾黨可以入閣，也是由他宣布。我們看不懂究竟誰才是總統候選人？民眾無法接受，副總統破壞憲政體制，架空傀儡總統，我也要提醒你，總統是不可能有褓姆的。 侯市長我想問你，美中台的一三六是指什麼？柯主席，你主張內閣制，應該知道內閣制的國家是虛位元首，也沒有副總統，你為什麼說副總統要監督總統，你若當選總統要凍結考監兩院，又要去立法院備詢不是諮詢，這些都是在擴充總統職權，這個都跟你主張的內閣制背道而馳，特別是藍白合的過程可以看得出來，所謂聯合政府不是為了國家，其實是為了政黨的利益。 ​ 目前各種民調都看得出來，希望哪一個政黨執政，民進黨贏得最多數民眾支持，30 ％ 以上，贊成國民黨重返執政的是二十幾％，希望民眾黨執政的才十幾％，同樣的角度來看，反對國民黨重返執政的高達 7、8 成，反對民眾黨執政高達 9 成。所以，藍白合可以證明，聯合政府是建立在虛空的基礎之上以外，也證明只不過是聯合次要敵人，打擊主要敵人。 ​ 另外，中國公然介選，進行戰爭與和平的大外宣，企圖用戰爭恐嚇台灣人民，扶植親中政權。但大家想想，中國發動戰爭早在 1949 年古寧頭戰役、1959 年八二三砲戰就已經發生，這都是在民進黨成立之前，也是在我們三人出生之前。 換句話說，中國要併吞台灣，是他們的國家政策，爭取世界霸權，不是哪個政黨或哪個人有什麼主張所引起，也不是你們全盤接受中國的主張就有辦法阻止，中國在聯合次要敵人、打擊主要敵人，兔死狗烹、殷鑑不遠，不要傻傻地跟著中國定義台獨，也不要跟著中國一直檢討受害的台灣。 ​ 侯市長、柯主席，在中國的眼中，我們三人站在這裡參選總統，通通都是台獨，你們接不接受？如果你們接受這就是台獨，難不成你們是在選特首？ ​ 侯市長，中國片面公布台灣構成貿易壁壘，原本是在明年才要完成調查，現在提前在國民黨夏立言副主席到訪中國隔天就宣布，我要請問你，這是不是公然介選？你願不願意公布夏立言此行見了什麼人、說了什麼話？你們有沒有裡應外合？不要又說別人在抹紅。 ​ 柯主席，你怎麼會跟國民黨簽六點協議，背後有沒有受到威脅利誘？你為什麼事後又反悔？不但你自己哭了，全家人也都跟著哭了。社會擔心，你簽錯政黨協議只是全家哭，如果你擔任總統和中國簽錯協議，是全國人民都要哭，你願意說明嗎？ ​ 國家應該走對的路，我要請大家回顧一下，如果八年前是其他路線贏得選舉，那經過八年來的國內外挑戰，台灣會變成什麼樣子？ ​ 當美中貿易戰突然來臨，台灣如果有和中國簽訂服貿和貨貿，那我們的企業會不會被制裁？但，好險沒有，我們現在驕傲地擁抱世界。未來，我更會讓台灣的產業，在民主世界供應鏈中站穩腳步。 ​ 當疫情無預警爆發，我們對兩岸的人流、物流毫無防備，那台灣的疫情會多嚴重？經濟又會受到多大的衝擊？但，好險沒有，我們成功阻絕疫情的擴散，更創下良好的經濟成長；未來，我會打造健康台灣，更會讓所有人，可以分到經濟成長的果實。 ​ 更不用提同婚可能還在爭執、社會安全網會沒什麼成績，也不可能會有勇鷹新式高教機和海鯤軍艦。 ​ 但，好險，這些可怕的如果，通通都沒有發生。 ​ 因為八年前我們選對的人，走對的路，八年來台灣確實有很多改變。也許民進黨做得不夠好、做得不夠周全，但民進黨會檢討改進，我要感謝台灣人民給我們機會。我們沒有威權基因，也不是一人政黨，我們很清楚，權力越大、責任越大。 ​ 下一個政府該做的，不是把這些改革推翻，回到九二共識、回到薪資成長停滯、沒有老幼照顧、沒有社會住宅、沒有婚姻平權的三十年前。 ​ 下一任政府該做的，是要把這些政策好好推下去。不夠完善的，我們把問題填補起來；起步凌亂的，我們找出決策來改革。 ​ 各位鄉親，1 月 13 日，我們一定要出來投票，總統副總統請支持 2 號賴清德蕭美琴，區域立委支持民進黨推薦的候選人，政黨票支持 6 號民進黨。"	"yes"	"侯, 國民黨, 民眾黨, 柯, 藍白, 馬前總統, 馬英九, 趙"	" ​ 如果柯主席了解你在台北市所做的建設，然後再看看你有沒有使用八個基金，同時為什麼集中在一年，你就可以知道，你真正的還債並不踏實，千萬不要再說，你是最重視財政紀律的"
1430	"chingte"	"【 總統候選人電視政見發表會 第三輪發言 】 ​ 每個黨派都有好有壞，不該一竿子打翻一船人，如果侯市長要點名批判任何一個組織，應該要有具體的事實。 ​ 當你在談能源政策的時候，應該要先回答幾個問題。 ​ 第一，你為什麼當市長的時候，反對核一核二延役，結果你現在要選總統，不僅核一核二延役，連核三都要延役，核四還要重啟，請向大家說明清楚。 ​ 第二，如果國民黨這麼清廉，那你應該說明一下，為何雲林縣議會議長會涉及綠能收賄案，而且這個是有檢察官偵查在案的。 ​ 另外，柯主席喜歡談財政紀律，他提到他還了 570 億，但他應該看看，他八年 570 億，集中在其中某一年，不像台南市是平均分配，用制度面來做到財政紀律。你也可以看看，你做了哪些建設、我做了哪些建設，我花了多少錢，台南市的財政我卻仍有辦法還到 200 億之多，而且留下了許多經費給後續的市長使用。 ​ 中央在蔡總統的領導之下，已經還了 9000 億新台幣了，即便是特別預算也要受《預算法》的規範，我們以債務比例來看的話，馬前總統交給蔡政府的時候是 32％-33%，現在才 26 % - 27 %，我們整個總債務佔 GDP 來看，包括特別預算在內，其實都比馬英九前總統的時代要來得好。 ​ 如果柯主席了解你在台北市所做的建設，然後再看看你有沒有使用八個基金，同時為什麼集中在一年，你就可以知道，你真正的還債並不踏實，千萬不要再說，你是最重視財政紀律的。 ​ 明年大選，是進步或退步的選擇，也是信賴台灣或是依賴中國的選擇，更是民主或專制的選擇，關係重大，因此，我邀請蕭美琴大使搭檔參選。 ​ 賴蕭配具有三層重大意義，第一，對國家都有使命感；第二，代表信賴台灣的國家方向；第三，美德雙全、穩健向前。 ​ 侯市長，趙少康先生說，他把副總統當成總統在選。他提出的政見，侯市長也照單全收，他說你願意把總統權責分享給他，就連執政後民眾黨可以入閣，也是由他宣布。我們看不懂究竟誰才是總統候選人？民眾無法接受，副總統破壞憲政體制，架空傀儡總統，我也要提醒你，總統是不可能有褓姆的。 侯市長我想問你，美中台的一三六是指什麼？柯主席，你主張內閣制，應該知道內閣制的國家是虛位元首，也沒有副總統，你為什麼說副總統要監督總統，你若當選總統要凍結考監兩院，又要去立法院備詢不是諮詢，這些都是在擴充總統職權，這個都跟你主張的內閣制背道而馳，特別是藍白合的過程可以看得出來，所謂聯合政府不是為了國家，其實是為了政黨的利益。 ​ 目前各種民調都看得出來，希望哪一個政黨執政，民進黨贏得最多數民眾支持，30 ％ 以上，贊成國民黨重返執政的是二十幾％，希望民眾黨執政的才十幾％，同樣的角度來看，反對國民黨重返執政的高達 7、8 成，反對民眾黨執政高達 9 成。所以，藍白合可以證明，聯合政府是建立在虛空的基礎之上以外，也證明只不過是聯合次要敵人，打擊主要敵人。 ​ 另外，中國公然介選，進行戰爭與和平的大外宣，企圖用戰爭恐嚇台灣人民，扶植親中政權。但大家想想，中國發動戰爭早在 1949 年古寧頭戰役、1959 年八二三砲戰就已經發生，這都是在民進黨成立之前，也是在我們三人出生之前。 換句話說，中國要併吞台灣，是他們的國家政策，爭取世界霸權，不是哪個政黨或哪個人有什麼主張所引起，也不是你們全盤接受中國的主張就有辦法阻止，中國在聯合次要敵人、打擊主要敵人，兔死狗烹、殷鑑不遠，不要傻傻地跟著中國定義台獨，也不要跟著中國一直檢討受害的台灣。 ​ 侯市長、柯主席，在中國的眼中，我們三人站在這裡參選總統，通通都是台獨，你們接不接受？如果你們接受這就是台獨，難不成你們是在選特首？ ​ 侯市長，中國片面公布台灣構成貿易壁壘，原本是在明年才要完成調查，現在提前在國民黨夏立言副主席到訪中國隔天就宣布，我要請問你，這是不是公然介選？你願不願意公布夏立言此行見了什麼人、說了什麼話？你們有沒有裡應外合？不要又說別人在抹紅。 ​ 柯主席，你怎麼會跟國民黨簽六點協議，背後有沒有受到威脅利誘？你為什麼事後又反悔？不但你自己哭了，全家人也都跟著哭了。社會擔心，你簽錯政黨協議只是全家哭，如果你擔任總統和中國簽錯協議，是全國人民都要哭，你願意說明嗎？ ​ 國家應該走對的路，我要請大家回顧一下，如果八年前是其他路線贏得選舉，那經過八年來的國內外挑戰，台灣會變成什麼樣子？ ​ 當美中貿易戰突然來臨，台灣如果有和中國簽訂服貿和貨貿，那我們的企業會不會被制裁？但，好險沒有，我們現在驕傲地擁抱世界。未來，我更會讓台灣的產業，在民主世界供應鏈中站穩腳步。 ​ 當疫情無預警爆發，我們對兩岸的人流、物流毫無防備，那台灣的疫情會多嚴重？經濟又會受到多大的衝擊？但，好險沒有，我們成功阻絕疫情的擴散，更創下良好的經濟成長；未來，我會打造健康台灣，更會讓所有人，可以分到經濟成長的果實。 ​ 更不用提同婚可能還在爭執、社會安全網會沒什麼成績，也不可能會有勇鷹新式高教機和海鯤軍艦。 ​ 但，好險，這些可怕的如果，通通都沒有發生。 ​ 因為八年前我們選對的人，走對的路，八年來台灣確實有很多改變。也許民進黨做得不夠好、做得不夠周全，但民進黨會檢討改進，我要感謝台灣人民給我們機會。我們沒有威權基因，也不是一人政黨，我們很清楚，權力越大、責任越大。 ​ 下一個政府該做的，不是把這些改革推翻，回到九二共識、回到薪資成長停滯、沒有老幼照顧、沒有社會住宅、沒有婚姻平權的三十年前。 ​ 下一任政府該做的，是要把這些政策好好推下去。不夠完善的，我們把問題填補起來；起步凌亂的，我們找出決策來改革。 ​ 各位鄉親，1 月 13 日，我們一定要出來投票，總統副總統請支持 2 號賴清德蕭美琴，區域立委支持民進黨推薦的候選人，政黨票支持 6 號民進黨。"	"yes"	"侯, 國民黨, 民眾黨, 柯, 藍白, 馬前總統, 馬英九, 趙"	"他提出的政見，侯市長也照單全收，他說你願意把總統權責分享給他，就連執政後民眾黨可以入閣，也是由他宣布"
1430	"chingte"	"【 總統候選人電視政見發表會 第三輪發言 】 ​ 每個黨派都有好有壞，不該一竿子打翻一船人，如果侯市長要點名批判任何一個組織，應該要有具體的事實。 ​ 當你在談能源政策的時候，應該要先回答幾個問題。 ​ 第一，你為什麼當市長的時候，反對核一核二延役，結果你現在要選總統，不僅核一核二延役，連核三都要延役，核四還要重啟，請向大家說明清楚。 ​ 第二，如果國民黨這麼清廉，那你應該說明一下，為何雲林縣議會議長會涉及綠能收賄案，而且這個是有檢察官偵查在案的。 ​ 另外，柯主席喜歡談財政紀律，他提到他還了 570 億，但他應該看看，他八年 570 億，集中在其中某一年，不像台南市是平均分配，用制度面來做到財政紀律。你也可以看看，你做了哪些建設、我做了哪些建設，我花了多少錢，台南市的財政我卻仍有辦法還到 200 億之多，而且留下了許多經費給後續的市長使用。 ​ 中央在蔡總統的領導之下，已經還了 9000 億新台幣了，即便是特別預算也要受《預算法》的規範，我們以債務比例來看的話，馬前總統交給蔡政府的時候是 32％-33%，現在才 26 % - 27 %，我們整個總債務佔 GDP 來看，包括特別預算在內，其實都比馬英九前總統的時代要來得好。 ​ 如果柯主席了解你在台北市所做的建設，然後再看看你有沒有使用八個基金，同時為什麼集中在一年，你就可以知道，你真正的還債並不踏實，千萬不要再說，你是最重視財政紀律的。 ​ 明年大選，是進步或退步的選擇，也是信賴台灣或是依賴中國的選擇，更是民主或專制的選擇，關係重大，因此，我邀請蕭美琴大使搭檔參選。 ​ 賴蕭配具有三層重大意義，第一，對國家都有使命感；第二，代表信賴台灣的國家方向；第三，美德雙全、穩健向前。 ​ 侯市長，趙少康先生說，他把副總統當成總統在選。他提出的政見，侯市長也照單全收，他說你願意把總統權責分享給他，就連執政後民眾黨可以入閣，也是由他宣布。我們看不懂究竟誰才是總統候選人？民眾無法接受，副總統破壞憲政體制，架空傀儡總統，我也要提醒你，總統是不可能有褓姆的。 侯市長我想問你，美中台的一三六是指什麼？柯主席，你主張內閣制，應該知道內閣制的國家是虛位元首，也沒有副總統，你為什麼說副總統要監督總統，你若當選總統要凍結考監兩院，又要去立法院備詢不是諮詢，這些都是在擴充總統職權，這個都跟你主張的內閣制背道而馳，特別是藍白合的過程可以看得出來，所謂聯合政府不是為了國家，其實是為了政黨的利益。 ​ 目前各種民調都看得出來，希望哪一個政黨執政，民進黨贏得最多數民眾支持，30 ％ 以上，贊成國民黨重返執政的是二十幾％，希望民眾黨執政的才十幾％，同樣的角度來看，反對國民黨重返執政的高達 7、8 成，反對民眾黨執政高達 9 成。所以，藍白合可以證明，聯合政府是建立在虛空的基礎之上以外，也證明只不過是聯合次要敵人，打擊主要敵人。 ​ 另外，中國公然介選，進行戰爭與和平的大外宣，企圖用戰爭恐嚇台灣人民，扶植親中政權。但大家想想，中國發動戰爭早在 1949 年古寧頭戰役、1959 年八二三砲戰就已經發生，這都是在民進黨成立之前，也是在我們三人出生之前。 換句話說，中國要併吞台灣，是他們的國家政策，爭取世界霸權，不是哪個政黨或哪個人有什麼主張所引起，也不是你們全盤接受中國的主張就有辦法阻止，中國在聯合次要敵人、打擊主要敵人，兔死狗烹、殷鑑不遠，不要傻傻地跟著中國定義台獨，也不要跟著中國一直檢討受害的台灣。 ​ 侯市長、柯主席，在中國的眼中，我們三人站在這裡參選總統，通通都是台獨，你們接不接受？如果你們接受這就是台獨，難不成你們是在選特首？ ​ 侯市長，中國片面公布台灣構成貿易壁壘，原本是在明年才要完成調查，現在提前在國民黨夏立言副主席到訪中國隔天就宣布，我要請問你，這是不是公然介選？你願不願意公布夏立言此行見了什麼人、說了什麼話？你們有沒有裡應外合？不要又說別人在抹紅。 ​ 柯主席，你怎麼會跟國民黨簽六點協議，背後有沒有受到威脅利誘？你為什麼事後又反悔？不但你自己哭了，全家人也都跟著哭了。社會擔心，你簽錯政黨協議只是全家哭，如果你擔任總統和中國簽錯協議，是全國人民都要哭，你願意說明嗎？ ​ 國家應該走對的路，我要請大家回顧一下，如果八年前是其他路線贏得選舉，那經過八年來的國內外挑戰，台灣會變成什麼樣子？ ​ 當美中貿易戰突然來臨，台灣如果有和中國簽訂服貿和貨貿，那我們的企業會不會被制裁？但，好險沒有，我們現在驕傲地擁抱世界。未來，我更會讓台灣的產業，在民主世界供應鏈中站穩腳步。 ​ 當疫情無預警爆發，我們對兩岸的人流、物流毫無防備，那台灣的疫情會多嚴重？經濟又會受到多大的衝擊？但，好險沒有，我們成功阻絕疫情的擴散，更創下良好的經濟成長；未來，我會打造健康台灣，更會讓所有人，可以分到經濟成長的果實。 ​ 更不用提同婚可能還在爭執、社會安全網會沒什麼成績，也不可能會有勇鷹新式高教機和海鯤軍艦。 ​ 但，好險，這些可怕的如果，通通都沒有發生。 ​ 因為八年前我們選對的人，走對的路，八年來台灣確實有很多改變。也許民進黨做得不夠好、做得不夠周全，但民進黨會檢討改進，我要感謝台灣人民給我們機會。我們沒有威權基因，也不是一人政黨，我們很清楚，權力越大、責任越大。 ​ 下一個政府該做的，不是把這些改革推翻，回到九二共識、回到薪資成長停滯、沒有老幼照顧、沒有社會住宅、沒有婚姻平權的三十年前。 ​ 下一任政府該做的，是要把這些政策好好推下去。不夠完善的，我們把問題填補起來；起步凌亂的，我們找出決策來改革。 ​ 各位鄉親，1 月 13 日，我們一定要出來投票，總統副總統請支持 2 號賴清德蕭美琴，區域立委支持民進黨推薦的候選人，政黨票支持 6 號民進黨。"	"yes"	"侯, 國民黨, 民眾黨, 柯, 藍白, 馬前總統, 馬英九, 趙"	"柯主席，你主張內閣制，應該知道內閣制的國家是虛位元首，也沒有副總統，你為什麼說副總統要監督總統，你若當選總統要凍結考監兩院，又要去立法院備詢不是諮詢，這些都是在擴充總統職權，這個都跟你主張的內閣制背道而馳，特別是藍白合的過程可以看得出來，所謂聯合政府不是為了國家，其實是為了政黨的利益"
1430	"chingte"	"【 總統候選人電視政見發表會 第三輪發言 】 ​ 每個黨派都有好有壞，不該一竿子打翻一船人，如果侯市長要點名批判任何一個組織，應該要有具體的事實。 ​ 當你在談能源政策的時候，應該要先回答幾個問題。 ​ 第一，你為什麼當市長的時候，反對核一核二延役，結果你現在要選總統，不僅核一核二延役，連核三都要延役，核四還要重啟，請向大家說明清楚。 ​ 第二，如果國民黨這麼清廉，那你應該說明一下，為何雲林縣議會議長會涉及綠能收賄案，而且這個是有檢察官偵查在案的。 ​ 另外，柯主席喜歡談財政紀律，他提到他還了 570 億，但他應該看看，他八年 570 億，集中在其中某一年，不像台南市是平均分配，用制度面來做到財政紀律。你也可以看看，你做了哪些建設、我做了哪些建設，我花了多少錢，台南市的財政我卻仍有辦法還到 200 億之多，而且留下了許多經費給後續的市長使用。 ​ 中央在蔡總統的領導之下，已經還了 9000 億新台幣了，即便是特別預算也要受《預算法》的規範，我們以債務比例來看的話，馬前總統交給蔡政府的時候是 32％-33%，現在才 26 % - 27 %，我們整個總債務佔 GDP 來看，包括特別預算在內，其實都比馬英九前總統的時代要來得好。 ​ 如果柯主席了解你在台北市所做的建設，然後再看看你有沒有使用八個基金，同時為什麼集中在一年，你就可以知道，你真正的還債並不踏實，千萬不要再說，你是最重視財政紀律的。 ​ 明年大選，是進步或退步的選擇，也是信賴台灣或是依賴中國的選擇，更是民主或專制的選擇，關係重大，因此，我邀請蕭美琴大使搭檔參選。 ​ 賴蕭配具有三層重大意義，第一，對國家都有使命感；第二，代表信賴台灣的國家方向；第三，美德雙全、穩健向前。 ​ 侯市長，趙少康先生說，他把副總統當成總統在選。他提出的政見，侯市長也照單全收，他說你願意把總統權責分享給他，就連執政後民眾黨可以入閣，也是由他宣布。我們看不懂究竟誰才是總統候選人？民眾無法接受，副總統破壞憲政體制，架空傀儡總統，我也要提醒你，總統是不可能有褓姆的。 侯市長我想問你，美中台的一三六是指什麼？柯主席，你主張內閣制，應該知道內閣制的國家是虛位元首，也沒有副總統，你為什麼說副總統要監督總統，你若當選總統要凍結考監兩院，又要去立法院備詢不是諮詢，這些都是在擴充總統職權，這個都跟你主張的內閣制背道而馳，特別是藍白合的過程可以看得出來，所謂聯合政府不是為了國家，其實是為了政黨的利益。 ​ 目前各種民調都看得出來，希望哪一個政黨執政，民進黨贏得最多數民眾支持，30 ％ 以上，贊成國民黨重返執政的是二十幾％，希望民眾黨執政的才十幾％，同樣的角度來看，反對國民黨重返執政的高達 7、8 成，反對民眾黨執政高達 9 成。所以，藍白合可以證明，聯合政府是建立在虛空的基礎之上以外，也證明只不過是聯合次要敵人，打擊主要敵人。 ​ 另外，中國公然介選，進行戰爭與和平的大外宣，企圖用戰爭恐嚇台灣人民，扶植親中政權。但大家想想，中國發動戰爭早在 1949 年古寧頭戰役、1959 年八二三砲戰就已經發生，這都是在民進黨成立之前，也是在我們三人出生之前。 換句話說，中國要併吞台灣，是他們的國家政策，爭取世界霸權，不是哪個政黨或哪個人有什麼主張所引起，也不是你們全盤接受中國的主張就有辦法阻止，中國在聯合次要敵人、打擊主要敵人，兔死狗烹、殷鑑不遠，不要傻傻地跟著中國定義台獨，也不要跟著中國一直檢討受害的台灣。 ​ 侯市長、柯主席，在中國的眼中，我們三人站在這裡參選總統，通通都是台獨，你們接不接受？如果你們接受這就是台獨，難不成你們是在選特首？ ​ 侯市長，中國片面公布台灣構成貿易壁壘，原本是在明年才要完成調查，現在提前在國民黨夏立言副主席到訪中國隔天就宣布，我要請問你，這是不是公然介選？你願不願意公布夏立言此行見了什麼人、說了什麼話？你們有沒有裡應外合？不要又說別人在抹紅。 ​ 柯主席，你怎麼會跟國民黨簽六點協議，背後有沒有受到威脅利誘？你為什麼事後又反悔？不但你自己哭了，全家人也都跟著哭了。社會擔心，你簽錯政黨協議只是全家哭，如果你擔任總統和中國簽錯協議，是全國人民都要哭，你願意說明嗎？ ​ 國家應該走對的路，我要請大家回顧一下，如果八年前是其他路線贏得選舉，那經過八年來的國內外挑戰，台灣會變成什麼樣子？ ​ 當美中貿易戰突然來臨，台灣如果有和中國簽訂服貿和貨貿，那我們的企業會不會被制裁？但，好險沒有，我們現在驕傲地擁抱世界。未來，我更會讓台灣的產業，在民主世界供應鏈中站穩腳步。 ​ 當疫情無預警爆發，我們對兩岸的人流、物流毫無防備，那台灣的疫情會多嚴重？經濟又會受到多大的衝擊？但，好險沒有，我們成功阻絕疫情的擴散，更創下良好的經濟成長；未來，我會打造健康台灣，更會讓所有人，可以分到經濟成長的果實。 ​ 更不用提同婚可能還在爭執、社會安全網會沒什麼成績，也不可能會有勇鷹新式高教機和海鯤軍艦。 ​ 但，好險，這些可怕的如果，通通都沒有發生。 ​ 因為八年前我們選對的人，走對的路，八年來台灣確實有很多改變。也許民進黨做得不夠好、做得不夠周全，但民進黨會檢討改進，我要感謝台灣人民給我們機會。我們沒有威權基因，也不是一人政黨，我們很清楚，權力越大、責任越大。 ​ 下一個政府該做的，不是把這些改革推翻，回到九二共識、回到薪資成長停滯、沒有老幼照顧、沒有社會住宅、沒有婚姻平權的三十年前。 ​ 下一任政府該做的，是要把這些政策好好推下去。不夠完善的，我們把問題填補起來；起步凌亂的，我們找出決策來改革。 ​ 各位鄉親，1 月 13 日，我們一定要出來投票，總統副總統請支持 2 號賴清德蕭美琴，區域立委支持民進黨推薦的候選人，政黨票支持 6 號民進黨。"	"yes"	"侯, 國民黨, 民眾黨, 柯, 藍白, 馬前總統, 馬英九, 趙"	" ​ 目前各種民調都看得出來，希望哪一個政黨執政，民進黨贏得最多數民眾支持，30 ％ 以上，贊成國民黨重返執政的是二十幾％，希望民眾黨執政的才十幾％，同樣的角度來看，反對國民黨重返執政的高達 7、8 成，反對民眾黨執政高達 9 成"
1430	"chingte"	"【 總統候選人電視政見發表會 第三輪發言 】 ​ 每個黨派都有好有壞，不該一竿子打翻一船人，如果侯市長要點名批判任何一個組織，應該要有具體的事實。 ​ 當你在談能源政策的時候，應該要先回答幾個問題。 ​ 第一，你為什麼當市長的時候，反對核一核二延役，結果你現在要選總統，不僅核一核二延役，連核三都要延役，核四還要重啟，請向大家說明清楚。 ​ 第二，如果國民黨這麼清廉，那你應該說明一下，為何雲林縣議會議長會涉及綠能收賄案，而且這個是有檢察官偵查在案的。 ​ 另外，柯主席喜歡談財政紀律，他提到他還了 570 億，但他應該看看，他八年 570 億，集中在其中某一年，不像台南市是平均分配，用制度面來做到財政紀律。你也可以看看，你做了哪些建設、我做了哪些建設，我花了多少錢，台南市的財政我卻仍有辦法還到 200 億之多，而且留下了許多經費給後續的市長使用。 ​ 中央在蔡總統的領導之下，已經還了 9000 億新台幣了，即便是特別預算也要受《預算法》的規範，我們以債務比例來看的話，馬前總統交給蔡政府的時候是 32％-33%，現在才 26 % - 27 %，我們整個總債務佔 GDP 來看，包括特別預算在內，其實都比馬英九前總統的時代要來得好。 ​ 如果柯主席了解你在台北市所做的建設，然後再看看你有沒有使用八個基金，同時為什麼集中在一年，你就可以知道，你真正的還債並不踏實，千萬不要再說，你是最重視財政紀律的。 ​ 明年大選，是進步或退步的選擇，也是信賴台灣或是依賴中國的選擇，更是民主或專制的選擇，關係重大，因此，我邀請蕭美琴大使搭檔參選。 ​ 賴蕭配具有三層重大意義，第一，對國家都有使命感；第二，代表信賴台灣的國家方向；第三，美德雙全、穩健向前。 ​ 侯市長，趙少康先生說，他把副總統當成總統在選。他提出的政見，侯市長也照單全收，他說你願意把總統權責分享給他，就連執政後民眾黨可以入閣，也是由他宣布。我們看不懂究竟誰才是總統候選人？民眾無法接受，副總統破壞憲政體制，架空傀儡總統，我也要提醒你，總統是不可能有褓姆的。 侯市長我想問你，美中台的一三六是指什麼？柯主席，你主張內閣制，應該知道內閣制的國家是虛位元首，也沒有副總統，你為什麼說副總統要監督總統，你若當選總統要凍結考監兩院，又要去立法院備詢不是諮詢，這些都是在擴充總統職權，這個都跟你主張的內閣制背道而馳，特別是藍白合的過程可以看得出來，所謂聯合政府不是為了國家，其實是為了政黨的利益。 ​ 目前各種民調都看得出來，希望哪一個政黨執政，民進黨贏得最多數民眾支持，30 ％ 以上，贊成國民黨重返執政的是二十幾％，希望民眾黨執政的才十幾％，同樣的角度來看，反對國民黨重返執政的高達 7、8 成，反對民眾黨執政高達 9 成。所以，藍白合可以證明，聯合政府是建立在虛空的基礎之上以外，也證明只不過是聯合次要敵人，打擊主要敵人。 ​ 另外，中國公然介選，進行戰爭與和平的大外宣，企圖用戰爭恐嚇台灣人民，扶植親中政權。但大家想想，中國發動戰爭早在 1949 年古寧頭戰役、1959 年八二三砲戰就已經發生，這都是在民進黨成立之前，也是在我們三人出生之前。 換句話說，中國要併吞台灣，是他們的國家政策，爭取世界霸權，不是哪個政黨或哪個人有什麼主張所引起，也不是你們全盤接受中國的主張就有辦法阻止，中國在聯合次要敵人、打擊主要敵人，兔死狗烹、殷鑑不遠，不要傻傻地跟著中國定義台獨，也不要跟著中國一直檢討受害的台灣。 ​ 侯市長、柯主席，在中國的眼中，我們三人站在這裡參選總統，通通都是台獨，你們接不接受？如果你們接受這就是台獨，難不成你們是在選特首？ ​ 侯市長，中國片面公布台灣構成貿易壁壘，原本是在明年才要完成調查，現在提前在國民黨夏立言副主席到訪中國隔天就宣布，我要請問你，這是不是公然介選？你願不願意公布夏立言此行見了什麼人、說了什麼話？你們有沒有裡應外合？不要又說別人在抹紅。 ​ 柯主席，你怎麼會跟國民黨簽六點協議，背後有沒有受到威脅利誘？你為什麼事後又反悔？不但你自己哭了，全家人也都跟著哭了。社會擔心，你簽錯政黨協議只是全家哭，如果你擔任總統和中國簽錯協議，是全國人民都要哭，你願意說明嗎？ ​ 國家應該走對的路，我要請大家回顧一下，如果八年前是其他路線贏得選舉，那經過八年來的國內外挑戰，台灣會變成什麼樣子？ ​ 當美中貿易戰突然來臨，台灣如果有和中國簽訂服貿和貨貿，那我們的企業會不會被制裁？但，好險沒有，我們現在驕傲地擁抱世界。未來，我更會讓台灣的產業，在民主世界供應鏈中站穩腳步。 ​ 當疫情無預警爆發，我們對兩岸的人流、物流毫無防備，那台灣的疫情會多嚴重？經濟又會受到多大的衝擊？但，好險沒有，我們成功阻絕疫情的擴散，更創下良好的經濟成長；未來，我會打造健康台灣，更會讓所有人，可以分到經濟成長的果實。 ​ 更不用提同婚可能還在爭執、社會安全網會沒什麼成績，也不可能會有勇鷹新式高教機和海鯤軍艦。 ​ 但，好險，這些可怕的如果，通通都沒有發生。 ​ 因為八年前我們選對的人，走對的路，八年來台灣確實有很多改變。也許民進黨做得不夠好、做得不夠周全，但民進黨會檢討改進，我要感謝台灣人民給我們機會。我們沒有威權基因，也不是一人政黨，我們很清楚，權力越大、責任越大。 ​ 下一個政府該做的，不是把這些改革推翻，回到九二共識、回到薪資成長停滯、沒有老幼照顧、沒有社會住宅、沒有婚姻平權的三十年前。 ​ 下一任政府該做的，是要把這些政策好好推下去。不夠完善的，我們把問題填補起來；起步凌亂的，我們找出決策來改革。 ​ 各位鄉親，1 月 13 日，我們一定要出來投票，總統副總統請支持 2 號賴清德蕭美琴，區域立委支持民進黨推薦的候選人，政黨票支持 6 號民進黨。"	"yes"	"侯, 國民黨, 民眾黨, 柯, 藍白, 馬前總統, 馬英九, 趙"	"所以，藍白合可以證明，聯合政府是建立在虛空的基礎之上以外，也證明只不過是聯合次要敵人，打擊主要敵人"
1430	"chingte"	"【 總統候選人電視政見發表會 第三輪發言 】 ​ 每個黨派都有好有壞，不該一竿子打翻一船人，如果侯市長要點名批判任何一個組織，應該要有具體的事實。 ​ 當你在談能源政策的時候，應該要先回答幾個問題。 ​ 第一，你為什麼當市長的時候，反對核一核二延役，結果你現在要選總統，不僅核一核二延役，連核三都要延役，核四還要重啟，請向大家說明清楚。 ​ 第二，如果國民黨這麼清廉，那你應該說明一下，為何雲林縣議會議長會涉及綠能收賄案，而且這個是有檢察官偵查在案的。 ​ 另外，柯主席喜歡談財政紀律，他提到他還了 570 億，但他應該看看，他八年 570 億，集中在其中某一年，不像台南市是平均分配，用制度面來做到財政紀律。你也可以看看，你做了哪些建設、我做了哪些建設，我花了多少錢，台南市的財政我卻仍有辦法還到 200 億之多，而且留下了許多經費給後續的市長使用。 ​ 中央在蔡總統的領導之下，已經還了 9000 億新台幣了，即便是特別預算也要受《預算法》的規範，我們以債務比例來看的話，馬前總統交給蔡政府的時候是 32％-33%，現在才 26 % - 27 %，我們整個總債務佔 GDP 來看，包括特別預算在內，其實都比馬英九前總統的時代要來得好。 ​ 如果柯主席了解你在台北市所做的建設，然後再看看你有沒有使用八個基金，同時為什麼集中在一年，你就可以知道，你真正的還債並不踏實，千萬不要再說，你是最重視財政紀律的。 ​ 明年大選，是進步或退步的選擇，也是信賴台灣或是依賴中國的選擇，更是民主或專制的選擇，關係重大，因此，我邀請蕭美琴大使搭檔參選。 ​ 賴蕭配具有三層重大意義，第一，對國家都有使命感；第二，代表信賴台灣的國家方向；第三，美德雙全、穩健向前。 ​ 侯市長，趙少康先生說，他把副總統當成總統在選。他提出的政見，侯市長也照單全收，他說你願意把總統權責分享給他，就連執政後民眾黨可以入閣，也是由他宣布。我們看不懂究竟誰才是總統候選人？民眾無法接受，副總統破壞憲政體制，架空傀儡總統，我也要提醒你，總統是不可能有褓姆的。 侯市長我想問你，美中台的一三六是指什麼？柯主席，你主張內閣制，應該知道內閣制的國家是虛位元首，也沒有副總統，你為什麼說副總統要監督總統，你若當選總統要凍結考監兩院，又要去立法院備詢不是諮詢，這些都是在擴充總統職權，這個都跟你主張的內閣制背道而馳，特別是藍白合的過程可以看得出來，所謂聯合政府不是為了國家，其實是為了政黨的利益。 ​ 目前各種民調都看得出來，希望哪一個政黨執政，民進黨贏得最多數民眾支持，30 ％ 以上，贊成國民黨重返執政的是二十幾％，希望民眾黨執政的才十幾％，同樣的角度來看，反對國民黨重返執政的高達 7、8 成，反對民眾黨執政高達 9 成。所以，藍白合可以證明，聯合政府是建立在虛空的基礎之上以外，也證明只不過是聯合次要敵人，打擊主要敵人。 ​ 另外，中國公然介選，進行戰爭與和平的大外宣，企圖用戰爭恐嚇台灣人民，扶植親中政權。但大家想想，中國發動戰爭早在 1949 年古寧頭戰役、1959 年八二三砲戰就已經發生，這都是在民進黨成立之前，也是在我們三人出生之前。 換句話說，中國要併吞台灣，是他們的國家政策，爭取世界霸權，不是哪個政黨或哪個人有什麼主張所引起，也不是你們全盤接受中國的主張就有辦法阻止，中國在聯合次要敵人、打擊主要敵人，兔死狗烹、殷鑑不遠，不要傻傻地跟著中國定義台獨，也不要跟著中國一直檢討受害的台灣。 ​ 侯市長、柯主席，在中國的眼中，我們三人站在這裡參選總統，通通都是台獨，你們接不接受？如果你們接受這就是台獨，難不成你們是在選特首？ ​ 侯市長，中國片面公布台灣構成貿易壁壘，原本是在明年才要完成調查，現在提前在國民黨夏立言副主席到訪中國隔天就宣布，我要請問你，這是不是公然介選？你願不願意公布夏立言此行見了什麼人、說了什麼話？你們有沒有裡應外合？不要又說別人在抹紅。 ​ 柯主席，你怎麼會跟國民黨簽六點協議，背後有沒有受到威脅利誘？你為什麼事後又反悔？不但你自己哭了，全家人也都跟著哭了。社會擔心，你簽錯政黨協議只是全家哭，如果你擔任總統和中國簽錯協議，是全國人民都要哭，你願意說明嗎？ ​ 國家應該走對的路，我要請大家回顧一下，如果八年前是其他路線贏得選舉，那經過八年來的國內外挑戰，台灣會變成什麼樣子？ ​ 當美中貿易戰突然來臨，台灣如果有和中國簽訂服貿和貨貿，那我們的企業會不會被制裁？但，好險沒有，我們現在驕傲地擁抱世界。未來，我更會讓台灣的產業，在民主世界供應鏈中站穩腳步。 ​ 當疫情無預警爆發，我們對兩岸的人流、物流毫無防備，那台灣的疫情會多嚴重？經濟又會受到多大的衝擊？但，好險沒有，我們成功阻絕疫情的擴散，更創下良好的經濟成長；未來，我會打造健康台灣，更會讓所有人，可以分到經濟成長的果實。 ​ 更不用提同婚可能還在爭執、社會安全網會沒什麼成績，也不可能會有勇鷹新式高教機和海鯤軍艦。 ​ 但，好險，這些可怕的如果，通通都沒有發生。 ​ 因為八年前我們選對的人，走對的路，八年來台灣確實有很多改變。也許民進黨做得不夠好、做得不夠周全，但民進黨會檢討改進，我要感謝台灣人民給我們機會。我們沒有威權基因，也不是一人政黨，我們很清楚，權力越大、責任越大。 ​ 下一個政府該做的，不是把這些改革推翻，回到九二共識、回到薪資成長停滯、沒有老幼照顧、沒有社會住宅、沒有婚姻平權的三十年前。 ​ 下一任政府該做的，是要把這些政策好好推下去。不夠完善的，我們把問題填補起來；起步凌亂的，我們找出決策來改革。 ​ 各位鄉親，1 月 13 日，我們一定要出來投票，總統副總統請支持 2 號賴清德蕭美琴，區域立委支持民進黨推薦的候選人，政黨票支持 6 號民進黨。"	"yes"	"侯, 國民黨, 民眾黨, 柯, 藍白, 馬前總統, 馬英九, 趙"	" ​ 侯市長、柯主席，在中國的眼中，我們三人站在這裡參選總統，通通都是台獨，你們接不接受"
1430	"chingte"	"【 總統候選人電視政見發表會 第三輪發言 】 ​ 每個黨派都有好有壞，不該一竿子打翻一船人，如果侯市長要點名批判任何一個組織，應該要有具體的事實。 ​ 當你在談能源政策的時候，應該要先回答幾個問題。 ​ 第一，你為什麼當市長的時候，反對核一核二延役，結果你現在要選總統，不僅核一核二延役，連核三都要延役，核四還要重啟，請向大家說明清楚。 ​ 第二，如果國民黨這麼清廉，那你應該說明一下，為何雲林縣議會議長會涉及綠能收賄案，而且這個是有檢察官偵查在案的。 ​ 另外，柯主席喜歡談財政紀律，他提到他還了 570 億，但他應該看看，他八年 570 億，集中在其中某一年，不像台南市是平均分配，用制度面來做到財政紀律。你也可以看看，你做了哪些建設、我做了哪些建設，我花了多少錢，台南市的財政我卻仍有辦法還到 200 億之多，而且留下了許多經費給後續的市長使用。 ​ 中央在蔡總統的領導之下，已經還了 9000 億新台幣了，即便是特別預算也要受《預算法》的規範，我們以債務比例來看的話，馬前總統交給蔡政府的時候是 32％-33%，現在才 26 % - 27 %，我們整個總債務佔 GDP 來看，包括特別預算在內，其實都比馬英九前總統的時代要來得好。 ​ 如果柯主席了解你在台北市所做的建設，然後再看看你有沒有使用八個基金，同時為什麼集中在一年，你就可以知道，你真正的還債並不踏實，千萬不要再說，你是最重視財政紀律的。 ​ 明年大選，是進步或退步的選擇，也是信賴台灣或是依賴中國的選擇，更是民主或專制的選擇，關係重大，因此，我邀請蕭美琴大使搭檔參選。 ​ 賴蕭配具有三層重大意義，第一，對國家都有使命感；第二，代表信賴台灣的國家方向；第三，美德雙全、穩健向前。 ​ 侯市長，趙少康先生說，他把副總統當成總統在選。他提出的政見，侯市長也照單全收，他說你願意把總統權責分享給他，就連執政後民眾黨可以入閣，也是由他宣布。我們看不懂究竟誰才是總統候選人？民眾無法接受，副總統破壞憲政體制，架空傀儡總統，我也要提醒你，總統是不可能有褓姆的。 侯市長我想問你，美中台的一三六是指什麼？柯主席，你主張內閣制，應該知道內閣制的國家是虛位元首，也沒有副總統，你為什麼說副總統要監督總統，你若當選總統要凍結考監兩院，又要去立法院備詢不是諮詢，這些都是在擴充總統職權，這個都跟你主張的內閣制背道而馳，特別是藍白合的過程可以看得出來，所謂聯合政府不是為了國家，其實是為了政黨的利益。 ​ 目前各種民調都看得出來，希望哪一個政黨執政，民進黨贏得最多數民眾支持，30 ％ 以上，贊成國民黨重返執政的是二十幾％，希望民眾黨執政的才十幾％，同樣的角度來看，反對國民黨重返執政的高達 7、8 成，反對民眾黨執政高達 9 成。所以，藍白合可以證明，聯合政府是建立在虛空的基礎之上以外，也證明只不過是聯合次要敵人，打擊主要敵人。 ​ 另外，中國公然介選，進行戰爭與和平的大外宣，企圖用戰爭恐嚇台灣人民，扶植親中政權。但大家想想，中國發動戰爭早在 1949 年古寧頭戰役、1959 年八二三砲戰就已經發生，這都是在民進黨成立之前，也是在我們三人出生之前。 換句話說，中國要併吞台灣，是他們的國家政策，爭取世界霸權，不是哪個政黨或哪個人有什麼主張所引起，也不是你們全盤接受中國的主張就有辦法阻止，中國在聯合次要敵人、打擊主要敵人，兔死狗烹、殷鑑不遠，不要傻傻地跟著中國定義台獨，也不要跟著中國一直檢討受害的台灣。 ​ 侯市長、柯主席，在中國的眼中，我們三人站在這裡參選總統，通通都是台獨，你們接不接受？如果你們接受這就是台獨，難不成你們是在選特首？ ​ 侯市長，中國片面公布台灣構成貿易壁壘，原本是在明年才要完成調查，現在提前在國民黨夏立言副主席到訪中國隔天就宣布，我要請問你，這是不是公然介選？你願不願意公布夏立言此行見了什麼人、說了什麼話？你們有沒有裡應外合？不要又說別人在抹紅。 ​ 柯主席，你怎麼會跟國民黨簽六點協議，背後有沒有受到威脅利誘？你為什麼事後又反悔？不但你自己哭了，全家人也都跟著哭了。社會擔心，你簽錯政黨協議只是全家哭，如果你擔任總統和中國簽錯協議，是全國人民都要哭，你願意說明嗎？ ​ 國家應該走對的路，我要請大家回顧一下，如果八年前是其他路線贏得選舉，那經過八年來的國內外挑戰，台灣會變成什麼樣子？ ​ 當美中貿易戰突然來臨，台灣如果有和中國簽訂服貿和貨貿，那我們的企業會不會被制裁？但，好險沒有，我們現在驕傲地擁抱世界。未來，我更會讓台灣的產業，在民主世界供應鏈中站穩腳步。 ​ 當疫情無預警爆發，我們對兩岸的人流、物流毫無防備，那台灣的疫情會多嚴重？經濟又會受到多大的衝擊？但，好險沒有，我們成功阻絕疫情的擴散，更創下良好的經濟成長；未來，我會打造健康台灣，更會讓所有人，可以分到經濟成長的果實。 ​ 更不用提同婚可能還在爭執、社會安全網會沒什麼成績，也不可能會有勇鷹新式高教機和海鯤軍艦。 ​ 但，好險，這些可怕的如果，通通都沒有發生。 ​ 因為八年前我們選對的人，走對的路，八年來台灣確實有很多改變。也許民進黨做得不夠好、做得不夠周全，但民進黨會檢討改進，我要感謝台灣人民給我們機會。我們沒有威權基因，也不是一人政黨，我們很清楚，權力越大、責任越大。 ​ 下一個政府該做的，不是把這些改革推翻，回到九二共識、回到薪資成長停滯、沒有老幼照顧、沒有社會住宅、沒有婚姻平權的三十年前。 ​ 下一任政府該做的，是要把這些政策好好推下去。不夠完善的，我們把問題填補起來；起步凌亂的，我們找出決策來改革。 ​ 各位鄉親，1 月 13 日，我們一定要出來投票，總統副總統請支持 2 號賴清德蕭美琴，區域立委支持民進黨推薦的候選人，政黨票支持 6 號民進黨。"	"yes"	"侯, 國民黨, 民眾黨, 柯, 藍白, 馬前總統, 馬英九, 趙"	" ​ 柯主席，你怎麼會跟國民黨簽六點協議，背後有沒有受到威脅利誘"
1480	"chingte"	"【 總統候選人第二場電視政見發表會 第一輪發言 】 ​ 總統應該要提出國家願景藍圖、國家建設計劃，用具體行動帶給人民希望。在上次政見發表會後，我啟動了四天三夜的環島大拼圖活動「唱土地的歌，拚咱的希望」，一個縣市一個字，一天一句標語，就是希望各縣市鄉親，能在這場關係台灣前途、後代子孫幸福，甚至也影響印太和平的重大選舉中，都能夠挺身而出，選對的人，走對的路，讓美德贏台灣，讓台灣贏得美。 ​ 我到每個縣市發表 ＃均衡台灣國家建設計畫，我將善用每個縣市的資源，給予適當的定位，再加上產業、交通、醫療、文化、觀光、居住、水環境等重大建設，不遺漏任何一個城市，讓每個縣市都能發揮潛力。 ​ 我深刻認為，只有台灣均衡發展，22 個城市，手牽手往前走一步，都遠比任何一個城市單獨走一百步要來得重要。台灣均衡發展，處處才可安居，人人才可樂業，均衡發展的台灣，也才可能有永續發展的台灣。 ​ 四天要完成拼圖活動並不簡單，每個人、每個城市都非常重要，少一個人、少一塊紙板，字就拼不成，少一個縣市，標語也不夠完整。就像是在這一場總統大選當中，每一個人都非常重要，如果少了您，台灣的主權、台灣的民主就會受到傷害，我們希望，每個縣市都能夠贏得這場選舉，台灣才有可能贏得最後的勝利。 ​ 我很榮幸，能夠跟大家一起拼圖，當我們雙手把紙板高高舉起、朝向天空的時候，就像代表著站在印太第一島鏈的台灣，向國際宣示，「我們一定堅定地抵抗極權主義的擴張，我們將會堅定守護國家的主權跟民主」。同時我也非常榮幸，能夠跟大家一起唱出：「有路，我們沿路唱歌，沒路，我們蹽溪過嶺」，唱出世世代代要當家作主的心聲。 ​ 這個活動很不湊巧剛好碰到寒流，而且又下著雨，但是我看到不分男女老幼踴躍參加，我很感激也非常感動。握著你們冰冷的手，我心裡感到不捨，但是你們傳給我的力量、給我的加油鼓勵，又讓我感受到大家的心是熱的。有一位朋友特別提醒我，要照顧人民、要好好照顧人民，我在這裡跟這位朋友，以及跟全國的鄉親報告，清德擔任總統，我會好好照顧人民，我會在 蔡英文 Tsai Ing-wen 總統的基礎上，擴大對社會的投資。 ​ 我提出了投資 0 到 22 歲的完整計劃，我將會用加薪減稅少負擔，陪伴每個人走過人生每一個階段。 ​ 第一，我會推動「0 到 6 歲國家一起養 2.0」以及「長照 3.0」，來減輕三明治家庭的負擔。長照 3.0 特別強調公立安養中心的設置，讓有需要的民眾，可以用最便宜的負擔來解決照顧長輩的問題。 ​ 第二，我會推動青年百億海外圓夢基金。希望年輕人能夠走出國門，能夠進到世界，能夠增廣見聞，能夠圓自己的夢想，能夠共同圓台灣的夢。 ​ 第三，我會來推教育平權。剛剛柯主席所提出來的教育政見，不只是現在政府已經在做，我的政見裡面也都已提出，我要特別強調教育平權，因為政府利用教育來栽培人才，人才多、人才好，這個國家社會自然就會好。個人透過教育來增進自己的專業知識，改善個人的生活，個人生活好，國家社會也會跟著好。 ​ 我們不該因為社經機會的不同，造成社經地位弱勢的孩子，在取得教育資源的時候發生困難。所以，從明年開始，我們高中職全面免學費，年收入不到 70 萬的弱勢家庭，不論公私立，每個孩子每年每人補助 2 萬元；年收入 70 萬到 90 萬之間的，每人每年補助 1.5 萬元。 ​ 公立的學雜費比較便宜，私立的學雜費比較貴，那我們補助私立的孩子每人每年 3.5 萬元，經濟弱勢的大專學生，再加碼減免 1.5 萬至 2 萬元，讓多數來自基層的私立大學學生，不需要負擔更多學雜費、甚至背著學貸壓力才能讀大學。 ​ 讓每一個人都可以透過教育追求夢想、實現希望，當人人都有希望的時候，這個國家、這個社會，也才有希望。 ​ 第四，我將推動居住正義來照顧年輕人所面臨的居住問題。第一就是囤房稅 2.0，用全國總歸戶，利用房屋稅的差別稅率，來遏止惡意炒房，讓房價恢復正常。這一點立法院最近已經三讀通過，即將要來實施。第二，我會來優化青年安家貸款，額度由 800 萬到 1000 萬，利息補貼由現在的半碼再加一碼，總共 0.375 ％，幫助有志購買房屋的年輕人完成夢想。第三，我們會推動社會住宅，蔡總統承諾在八年任內要推動 20 萬戶的社會住宅，在明年卸任前，現在不管是完成，或是已經完成發包的有 12 萬多戶，包租代管將有 8 萬多戶，20 萬戶的社會住宅不會跳票。我未來也會以 8 年為期的規劃，新建住宅有 13 萬多戶，包租代管有 17 萬，總共會有 30 萬戶。 ​ 也許很多人會問，那土地從何來？土地可以由中央來，不管是國營事業，或者是國有財產署，也可以由地方政府而來。地方政府在推動區段徵收或市地重劃的時候，非直轄市可以提供 3 % 的土地面積，直轄市可以提供 5 ​ % 的土地面積來蓋社會住宅。 ​ 我舉例來説，新北市目前正在進行塭仔圳的重劃，面積共有 400 公頃，只要拿 5 ％ 的土地來蓋社會住宅，就可以再增加 1 萬多戶的社會住宅，這遠比目前侯市長只規劃 2100 戶要來多得多。如果地方政府或者是侯市長不願意這樣做，或者是沒有能力這樣做，可以把土地用原價賣給中央，由我來興建。 ​ 未來，是一個競爭的年代，也是個充滿變化的年代，政府有責任跟每個人站在一起，不管是弱勢民眾或青年，你們所面對的各項問題，政府都應該要協助解決。我不僅僅會協助解決問題，也會在每個人生階段都和你們站在一起，做每個人的後盾。"	"yes"	"侯, 柯"	"剛剛柯主席所提出來的教育政見，不只是現在政府已經在做，我的政見裡面也都已提出，我要特別強調教育平權，因為政府利用教育來栽培人才，人才多、人才好，這個國家社會自然就會好"
1484	"chingte"	"【 總統候選人第二場電視政見發表會 第三輪發言 】 ​ 侯市長談女力，他已經輸在起跑點。我邀請 蕭美琴 Bi-khim Hsiao 搭檔參選，除了借重他的專業，也是對女性的尊重。三組裡，只有侯趙配在女力方面是零。 ​ 侯市長批評我的市政，他可能沒有注意到，我在台南市長任內，滿意度一直都是全國第一，我的市政表現比其他兩位市長要來得好。侯市長可能也沒有看到，合併後的台南或是南部跟雙北的條件是不一樣的，當初幼兒照顧，我們是先走準公共化、和保姆合作，才有辦法照顧需要照顧的家庭。 ​ 在居住方面，台南市是先推動直接的租金補貼，然後在我的任內規劃社會住宅，現在黃偉哲市長已經要把它蓋起來了，這些都在逐步推動當中。 ​ 我很高興看到兩位在這個公開的場合上面談論核能，我要再次強調，剛剛我已經提到， 2025 非核家園，並不是蔡英文總統強硬地把可以運轉的核電終止，而是因為法律的規定，最後一個機組就是核三廠的第二號機組，必須要在 2025 年期中停止運轉，這是法律規定。還好蔡總統因應局勢，推動綠能產業的發展，否則的話，今天台灣的能源狀況會更慘。 ​ 我要請教兩位市長，你們在當市長的時候都說，核電沒有安全，就沒有核電；核廢料沒有去處，就沒有核電。但現在要出來選總統，態度卻完全改變。請問，你們當初所講的這些條件，現在都已經改變了嗎？ ​ 另外，也應該要跟社會大眾說明清楚，你們所說的，COP28 談到 2050 年核電要三倍，這是有人提出的主張，並不是聯合國氣候變遷大會的共識。大會的共識是，再生能源要增加兩倍、用電效率要增加一倍，這才是大會的共識。 ​ 我們要跟社會大眾說明清楚，今天不是只有核一、核二、核三要延役，侯市長、柯主席還不約而同說，要核四重啟。公民投票已經通過了，你們今天在這個場合上，說還要再重啟核四，你們把公民投票的法律效力置放於何地？你們應該要和社會大眾清楚說明。 ​ 我當初之所以說沒有把新興的核能科技算在內，是因為我的任期兩任也才 8 年，新興核能技術什麼時候可以成熟問世，是不清楚的。所以，我才說，我們必須要考量到八年的任期，並不是說我的能源政策規劃只限於八年，希望柯主席不要誤會。 ​ 接下來，我想要來談談，國民黨為台灣帶來哪些禍害？ ​ 國民黨帶給台灣的第一大禍害，就是死抱一個中國的神主牌，造成國家認同分歧，影響國內團結。過去國民黨反共，是要反攻大陸、消滅萬惡共匪、解救大陸同胞，過去國民黨曾帶領國人打過古寧頭戰役、八二三砲戰、一江山大陳島戰役，曾經守護過中華民國，也守護過台灣。 ​ 後來經國先生知道反攻無望，因此推出十大建設，晉用大量台籍人士，說出「我在台灣住了 40 年，當然是台灣人，也是中國人」的話。換句話說，他是走落地生根這條路，放棄了落葉歸根。 ​ 再看看現在以馬英九、趙少康、韓國瑜、朱立倫為首的國民黨，不思如何落實經國先生的路線，卻反其道而行。 ​ 第一，不但不反共，而且還親共。第二，嘴巴說要守護中華民國，但是一方面反對軍購案、杯葛國防自主，另外一方面接受九二共識，完全無視於習近平去年在中共二十大會上已經再次定調，九二共識就是一個中國原則，就是一國兩制，完全沒有中華民國存在的空間。第三在經濟上還要重啟服貿，準備開放大量的中生來台就業，要將經濟再度地鎖進中國，完全不理會台灣社會將遭受多大的衝擊。 ​ 經國先生說，沒有台灣問題，只有中國問題。但每次中國對台灣進行威脅，馬英九為首的這些國民黨人，都不斷批判政府、批判台灣挑釁中國。我要請全國民眾來評評理，國民黨對得起經國先生嗎？對得起生養它的這塊土地嗎？對得起廣大的台灣人民嗎？ ​ 國民黨帶給台灣社會的第二大禍害，就是國民黨黑金體制不改，傷害民主價值，影響社會安定。國民黨的黑金體制在 2000 年下野之後完全沒有改變，他們仍然緊抱新店的羅家、台中的顏家、雲林的張家，還有花蓮的傅家，不分區名單裡面不是政二代，就是地方勢力的代表。國民黨所提名的區域立委候選人，充斥著性騷擾被判刑確定、被控竊佔國土、被控詐領健保費，還有炒股入獄的這些人。國民黨仍然緊抱著牛鬼蛇神，黑金體制完全沒有改變。在這種狀況下把國家交給他們，會是什麼樣的情況？ ​ 國民黨帶給台灣的第三大禍害，就是國民黨為了取得政權，不擇手段。第一個手法是賄選，過去的國民黨，國庫通黨庫、國庫通私庫，官商勾結、謀取不當利益再來進行賄選，鞏固政權。現在的國民黨，被司法單位判刑、賄選確定在案的比比皆是，錢從哪裡來？有人說錢從中國來，希望司法單位也能夠查一查。 ​ 第二個手法是用扭曲、抹黑、造謠、攻擊的方式想要贏得選舉，這個可以從 Lin bay 好油結合國民黨黨工就可以看得出來，國民黨網軍養在中央黨部，創造假消息、扭曲事實、攻擊對手、攻擊政府，這是國民黨的第二個手法。 ​ 第三個手法，是挾中國外力以自重。台灣每次大選，中國一定介入，企圖扶植親中政權，因為用買的、用騙的，比用搶的容易。這一次更加嚴重，無論是用戰爭與和平的大外宣，或是趙少康說，我是和平的恐怖份子，貼我戰爭的標籤，或是利用 ECFA 以商逼政，通通都是國民黨的手段，無非是想要取得政權。 ​ 侯市長應該跟國人說明，國民黨副主席夏立言出訪中國，為什麼中國商務部就公布對商務的調查，然後接著對 ECFA 就採取行動，有沒有裡應外合？國民黨有沒有借用中國力量來取得政權？這些，侯市長都像一個局外人，他是個政治門外漢，他所提出來的政策或他的論述，通通都是馬英九為首等人的主張。支持侯友宜，等於支持馬英九等這些人，侯友宜當選，等於一中勢力復辟、等於黑金王朝班師回朝，對台灣、對國家未來的發展絕對不利。 ​ 我希望全國鄉親，能夠支持台灣，支持長期和大家一起打拚的民主進步黨。過去我們共同為民主打拚，未來我們共同為和平奮鬥，讓台灣更安全、經濟更發展、人民安居樂業。"	"yes"	"侯, 國民黨, 柯, 馬英九, 朱, 趙"	" ​ 我們要跟社會大眾說明清楚，今天不是只有核一、核二、核三要延役，侯市長、柯主席還不約而同說，要核四重啟"
1484	"chingte"	"【 總統候選人第二場電視政見發表會 第三輪發言 】 ​ 侯市長談女力，他已經輸在起跑點。我邀請 蕭美琴 Bi-khim Hsiao 搭檔參選，除了借重他的專業，也是對女性的尊重。三組裡，只有侯趙配在女力方面是零。 ​ 侯市長批評我的市政，他可能沒有注意到，我在台南市長任內，滿意度一直都是全國第一，我的市政表現比其他兩位市長要來得好。侯市長可能也沒有看到，合併後的台南或是南部跟雙北的條件是不一樣的，當初幼兒照顧，我們是先走準公共化、和保姆合作，才有辦法照顧需要照顧的家庭。 ​ 在居住方面，台南市是先推動直接的租金補貼，然後在我的任內規劃社會住宅，現在黃偉哲市長已經要把它蓋起來了，這些都在逐步推動當中。 ​ 我很高興看到兩位在這個公開的場合上面談論核能，我要再次強調，剛剛我已經提到， 2025 非核家園，並不是蔡英文總統強硬地把可以運轉的核電終止，而是因為法律的規定，最後一個機組就是核三廠的第二號機組，必須要在 2025 年期中停止運轉，這是法律規定。還好蔡總統因應局勢，推動綠能產業的發展，否則的話，今天台灣的能源狀況會更慘。 ​ 我要請教兩位市長，你們在當市長的時候都說，核電沒有安全，就沒有核電；核廢料沒有去處，就沒有核電。但現在要出來選總統，態度卻完全改變。請問，你們當初所講的這些條件，現在都已經改變了嗎？ ​ 另外，也應該要跟社會大眾說明清楚，你們所說的，COP28 談到 2050 年核電要三倍，這是有人提出的主張，並不是聯合國氣候變遷大會的共識。大會的共識是，再生能源要增加兩倍、用電效率要增加一倍，這才是大會的共識。 ​ 我們要跟社會大眾說明清楚，今天不是只有核一、核二、核三要延役，侯市長、柯主席還不約而同說，要核四重啟。公民投票已經通過了，你們今天在這個場合上，說還要再重啟核四，你們把公民投票的法律效力置放於何地？你們應該要和社會大眾清楚說明。 ​ 我當初之所以說沒有把新興的核能科技算在內，是因為我的任期兩任也才 8 年，新興核能技術什麼時候可以成熟問世，是不清楚的。所以，我才說，我們必須要考量到八年的任期，並不是說我的能源政策規劃只限於八年，希望柯主席不要誤會。 ​ 接下來，我想要來談談，國民黨為台灣帶來哪些禍害？ ​ 國民黨帶給台灣的第一大禍害，就是死抱一個中國的神主牌，造成國家認同分歧，影響國內團結。過去國民黨反共，是要反攻大陸、消滅萬惡共匪、解救大陸同胞，過去國民黨曾帶領國人打過古寧頭戰役、八二三砲戰、一江山大陳島戰役，曾經守護過中華民國，也守護過台灣。 ​ 後來經國先生知道反攻無望，因此推出十大建設，晉用大量台籍人士，說出「我在台灣住了 40 年，當然是台灣人，也是中國人」的話。換句話說，他是走落地生根這條路，放棄了落葉歸根。 ​ 再看看現在以馬英九、趙少康、韓國瑜、朱立倫為首的國民黨，不思如何落實經國先生的路線，卻反其道而行。 ​ 第一，不但不反共，而且還親共。第二，嘴巴說要守護中華民國，但是一方面反對軍購案、杯葛國防自主，另外一方面接受九二共識，完全無視於習近平去年在中共二十大會上已經再次定調，九二共識就是一個中國原則，就是一國兩制，完全沒有中華民國存在的空間。第三在經濟上還要重啟服貿，準備開放大量的中生來台就業，要將經濟再度地鎖進中國，完全不理會台灣社會將遭受多大的衝擊。 ​ 經國先生說，沒有台灣問題，只有中國問題。但每次中國對台灣進行威脅，馬英九為首的這些國民黨人，都不斷批判政府、批判台灣挑釁中國。我要請全國民眾來評評理，國民黨對得起經國先生嗎？對得起生養它的這塊土地嗎？對得起廣大的台灣人民嗎？ ​ 國民黨帶給台灣社會的第二大禍害，就是國民黨黑金體制不改，傷害民主價值，影響社會安定。國民黨的黑金體制在 2000 年下野之後完全沒有改變，他們仍然緊抱新店的羅家、台中的顏家、雲林的張家，還有花蓮的傅家，不分區名單裡面不是政二代，就是地方勢力的代表。國民黨所提名的區域立委候選人，充斥著性騷擾被判刑確定、被控竊佔國土、被控詐領健保費，還有炒股入獄的這些人。國民黨仍然緊抱著牛鬼蛇神，黑金體制完全沒有改變。在這種狀況下把國家交給他們，會是什麼樣的情況？ ​ 國民黨帶給台灣的第三大禍害，就是國民黨為了取得政權，不擇手段。第一個手法是賄選，過去的國民黨，國庫通黨庫、國庫通私庫，官商勾結、謀取不當利益再來進行賄選，鞏固政權。現在的國民黨，被司法單位判刑、賄選確定在案的比比皆是，錢從哪裡來？有人說錢從中國來，希望司法單位也能夠查一查。 ​ 第二個手法是用扭曲、抹黑、造謠、攻擊的方式想要贏得選舉，這個可以從 Lin bay 好油結合國民黨黨工就可以看得出來，國民黨網軍養在中央黨部，創造假消息、扭曲事實、攻擊對手、攻擊政府，這是國民黨的第二個手法。 ​ 第三個手法，是挾中國外力以自重。台灣每次大選，中國一定介入，企圖扶植親中政權，因為用買的、用騙的，比用搶的容易。這一次更加嚴重，無論是用戰爭與和平的大外宣，或是趙少康說，我是和平的恐怖份子，貼我戰爭的標籤，或是利用 ECFA 以商逼政，通通都是國民黨的手段，無非是想要取得政權。 ​ 侯市長應該跟國人說明，國民黨副主席夏立言出訪中國，為什麼中國商務部就公布對商務的調查，然後接著對 ECFA 就採取行動，有沒有裡應外合？國民黨有沒有借用中國力量來取得政權？這些，侯市長都像一個局外人，他是個政治門外漢，他所提出來的政策或他的論述，通通都是馬英九為首等人的主張。支持侯友宜，等於支持馬英九等這些人，侯友宜當選，等於一中勢力復辟、等於黑金王朝班師回朝，對台灣、對國家未來的發展絕對不利。 ​ 我希望全國鄉親，能夠支持台灣，支持長期和大家一起打拚的民主進步黨。過去我們共同為民主打拚，未來我們共同為和平奮鬥，讓台灣更安全、經濟更發展、人民安居樂業。"	"yes"	"侯, 國民黨, 柯, 馬英九, 朱, 趙"	"所以，我才說，我們必須要考量到八年的任期，並不是說我的能源政策規劃只限於八年，希望柯主席不要誤會"
1520	"chingte"	"稍早在辯論會的過程當中，媒體提問有關中華民國憲法的問題，因時間有限，我的確講快了點有口誤，我把中華民國憲法講成中華民國。 ​ 柯文哲市長知道我口誤，可是他在記者會上又來攻擊這一點，我認為非常不應該。就像我也有聽到柯市長提到窮人要繳更多稅的口誤，但是我不會利用他的口誤來進行攻擊。 ​ 在這裡，我想再次說明我的原意，避免讓國民黨、民眾黨惡意曲解。我認為，有主權才有國家，有台灣才有中華民國，我擔任總統的使命，就是守護台灣、也守護中華民國，我的方法是根據之前發表的和平四大支柱行動方案，也就是強化國防、強化經濟、強化民主陣營合作，同時在對等、尊嚴之下，願意與中國交流合作，促進兩岸人民福祉，以保護台灣、穩定兩岸，促進印太的和平。 ​ 守護中華民國是我的使命，反觀國民黨以及侯友宜市長，說要以中華民國憲法要來守護中華民國，但我們都很清楚，中華人民共和國在國際上所宣傳的一個中國三階段論裡，並沒有中華民國存在的空間。 ​ 當侯友宜接受九二共識，而九二共識又已經被習近平重新強調過了，就是一個中國原則、一國兩制，在這種狀況下，如何用中華民國憲法守護中華民國？如何用九二共識守護中華民國呢？ ​ 有誤會，我就會說明清楚，希望所有的朋友，能幫我分享這篇文章，不要讓對手的曲解和抹黑的企圖得逞。"	"yes"	"侯, 國民黨, 民眾黨, 柯"	" ​ 柯文哲市長知道我口誤，可是他在記者會上又來攻擊這一點，我認為非常不應該"
1520	"chingte"	"稍早在辯論會的過程當中，媒體提問有關中華民國憲法的問題，因時間有限，我的確講快了點有口誤，我把中華民國憲法講成中華民國。 ​ 柯文哲市長知道我口誤，可是他在記者會上又來攻擊這一點，我認為非常不應該。就像我也有聽到柯市長提到窮人要繳更多稅的口誤，但是我不會利用他的口誤來進行攻擊。 ​ 在這裡，我想再次說明我的原意，避免讓國民黨、民眾黨惡意曲解。我認為，有主權才有國家，有台灣才有中華民國，我擔任總統的使命，就是守護台灣、也守護中華民國，我的方法是根據之前發表的和平四大支柱行動方案，也就是強化國防、強化經濟、強化民主陣營合作，同時在對等、尊嚴之下，願意與中國交流合作，促進兩岸人民福祉，以保護台灣、穩定兩岸，促進印太的和平。 ​ 守護中華民國是我的使命，反觀國民黨以及侯友宜市長，說要以中華民國憲法要來守護中華民國，但我們都很清楚，中華人民共和國在國際上所宣傳的一個中國三階段論裡，並沒有中華民國存在的空間。 ​ 當侯友宜接受九二共識，而九二共識又已經被習近平重新強調過了，就是一個中國原則、一國兩制，在這種狀況下，如何用中華民國憲法守護中華民國？如何用九二共識守護中華民國呢？ ​ 有誤會，我就會說明清楚，希望所有的朋友，能幫我分享這篇文章，不要讓對手的曲解和抹黑的企圖得逞。"	"yes"	"侯, 國民黨, 民眾黨, 柯"	"就像我也有聽到柯市長提到窮人要繳更多稅的口誤，但是我不會利用他的口誤來進行攻擊"
1520	"chingte"	"稍早在辯論會的過程當中，媒體提問有關中華民國憲法的問題，因時間有限，我的確講快了點有口誤，我把中華民國憲法講成中華民國。 ​ 柯文哲市長知道我口誤，可是他在記者會上又來攻擊這一點，我認為非常不應該。就像我也有聽到柯市長提到窮人要繳更多稅的口誤，但是我不會利用他的口誤來進行攻擊。 ​ 在這裡，我想再次說明我的原意，避免讓國民黨、民眾黨惡意曲解。我認為，有主權才有國家，有台灣才有中華民國，我擔任總統的使命，就是守護台灣、也守護中華民國，我的方法是根據之前發表的和平四大支柱行動方案，也就是強化國防、強化經濟、強化民主陣營合作，同時在對等、尊嚴之下，願意與中國交流合作，促進兩岸人民福祉，以保護台灣、穩定兩岸，促進印太的和平。 ​ 守護中華民國是我的使命，反觀國民黨以及侯友宜市長，說要以中華民國憲法要來守護中華民國，但我們都很清楚，中華人民共和國在國際上所宣傳的一個中國三階段論裡，並沒有中華民國存在的空間。 ​ 當侯友宜接受九二共識，而九二共識又已經被習近平重新強調過了，就是一個中國原則、一國兩制，在這種狀況下，如何用中華民國憲法守護中華民國？如何用九二共識守護中華民國呢？ ​ 有誤會，我就會說明清楚，希望所有的朋友，能幫我分享這篇文章，不要讓對手的曲解和抹黑的企圖得逞。"	"yes"	"侯, 國民黨, 民眾黨, 柯"	" ​ 在這裡，我想再次說明我的原意，避免讓國民黨、民眾黨惡意曲解"
1527	"chingte"	"今天上午在行程中，有媒體朋友問我，關於侯友宜市長把「九二共識」當護國神山的看法，我認為這種說法，對台灣非常危險。 ​ 侯友宜市長主張，所謂的「符合中華民國憲法的九二共識」，問題是在於《中華民國憲法》沒有九二共識，更何況九二共識，已經被中國詮釋為一國兩制。如果把九二共識跟《中華民國憲法》混為一談，才是真正令人憂慮、危險的地方。 ​ 在昨天的辯論會中，面對國家主權，我也向兩位候選人提出了許多問題，遺憾的是，兩位候選人都實問虛答。 ​ 「中華民國跟中華人民共和國有沒有互相隸屬？」他們沒有回答。 ​ 「要消滅中華民國的到底是共產黨還是民進黨？如果是民進黨，為何已經連續兩次執政，中華民國還在？」他們也沒有回答。 ​ 「如果是共產黨，為什麼侯友宜市長和柯文哲主席兩位，不約而同都接受一個中國原則。一個是接受九二共識，一個是接受兩岸一家親？」他們還是沒有回答。 ​ 一直以來，我們皆以此為基礎，強化團結人民、經濟自主、國防實力、國際支持等綜合國力，才能夠更有效因應複雜的國際區域局勢挑戰。 ​ 我的態度很明確，未來我擔任中華民國總統，當然是依照《中華民國憲法》還有現行的法律在推動國政，毫無疑問。"	"yes"	"侯, 柯"	" ​ 「如果是共產黨，為什麼侯友宜市長和柯文哲主席兩位，不約而同都接受一個中國原則"
